Project,Address,Round,Matching Amount
Tree Tales: Play to Plant,0x0117780BdaF2a9EA19ED897Ab7DB710452a7C00f,Beta (May 2023),215.694785
"GreenPill Ottawa x Rooted LABs: Climate, Agriculture, Open Source Tooling",0x02541cfe8dd4afe35c5a9b20396e5c23e72ea987,GG19 (Nov 2023),1317.13577
RWA ü§ù ReFi - basinDAO,0x02B1cb4dE1AF0D10a53d0EfC243E56F6bAa39c1a,GR12 (Dec 2021),4744.43675
RWA ü§ù ReFi - basinDAO,0x02B1cb4dE1AF0D10a53d0EfC243E56F6bAa39c1a,GR13 (Mar 2022),8163.96568
RWA ü§ù ReFi - basinDAO,0x02B1cb4dE1AF0D10a53d0EfC243E56F6bAa39c1a,GR14 (Jun 2022),2357.24089
RWA ü§ù ReFi - basinDAO,0x02B1cb4dE1AF0D10a53d0EfC243E56F6bAa39c1a,GR15 (Sep 2022),12099.2949
Joy's Kitchen - Food Rescue,0x033ab06a58b40f8bb533024134bc45d45b40cf6c,GG19 (Nov 2023),695.302804
Carbon DAO,0x035a1f3419dd223293e5411133d9c786f5885425,Alpha (Jan 2023),4847.88
Autonomous Web3 Carbon Offsetting for Decentralised Communities,0x035A1F3419DD223293e5411133d9C786f5885425,GR13 (Mar 2022),9701.09692
Autonomous Web3 Carbon Offsetting for Decentralised Communities,0x035A1F3419DD223293e5411133d9C786f5885425,GR14 (Jun 2022),75000
Autonomous Web3 Carbon Offsetting for Decentralised Communities,0x035A1F3419DD223293e5411133d9C786f5885425,GR15 (Sep 2022),8666.26951
Toucan Protocol ‚Äî Carbon as a money lego,0x037e414AbACC799a598314153509B6B967608Bf9,GR12 (Dec 2021),105000
ReFi Tanzania,0x037eb04ad9ddff984f44ce5941d14b8ea3781459,GG18 (Aug 2023),1251.38986
ReFi Tanzania,0x037eb04ad9ddff984f44ce5941d14b8ea3781459,GG19 (Nov 2023),1442.4608
MetaForest DCAR (Decentralized Crowd Afforestation & Reforestation) Protocol,0x041F724f67b9ab2341b41667c8b7965D85601E25,GR15 (Sep 2022),0.19247638
Urbanika,0x0442A9aBbc93058a873c371F21CC366338254A88,Beta (May 2023),18237.4201
Urbanika and the SolarPunk Awakening,0x0442A9aBbc93058a873c371F21CC366338254A88,GR13 (Mar 2022),2757.48602
Urbanika and the SolarPunk Awakening,0x0442A9aBbc93058a873c371F21CC366338254A88,GR15 (Sep 2022),1119.7197
AkiyaDAO,0x0530ee06307C92FAe2a6f03754210338888c00b8,GR13 (Mar 2022),15985.6762
Khepera Blockchained Bioregeneration For Climate And Education Proposal,0x05c43c5fe8f1ff499ac2f16dc593e65c78f57a52,GG18 (Aug 2023),9.10323373
River Cleanup,0x0668436e9df80fc46da9916aa7d636eb9ad1ea49,GG18 (Aug 2023),3240.3515
River Cleanup,0x0668436e9df80fc46da9916aa7d636eb9ad1ea49,GG19 (Nov 2023),1733.51477
regr√≤,0x0722a26283c29dd82982718d748baea13259e9a3,GG18 (Aug 2023),622.097606
regr√≤,0x0722a26283c29dd82982718d748baea13259e9a3,GG19 (Nov 2023),771.697857
Regens Unite - bring Regens together in your city,0x08e40e1C0681D072a54Fc5868752c02bb3996FFA,GR13 (Mar 2022),11692.6687
Regens Unite - bring Regens together in your city,0x08e40e1C0681D072a54Fc5868752c02bb3996FFA,GR14 (Jun 2022),32720.7823
Regens Unite - bring Regens together in your city,0x08e40e1C0681D072a54Fc5868752c02bb3996FFA,GR15 (Sep 2022),20108.867
braid.science,0x08E502AC62046D5F6824F384Ba61C85E6dB1a6CD,GR13 (Mar 2022),18.0895351
braid.science,0x08E502AC62046D5F6824F384Ba61C85E6dB1a6CD,GR14 (Jun 2022),11.6974776
braid.science,0x08E502AC62046D5F6824F384Ba61C85E6dB1a6CD,GR15 (Sep 2022),1.0347095
Unearthing Common Ground: a six week journey into Community Land Trusts,0x08f2E5b3b316C49F8Ab95df0D6ee541271d10f7e,GR14 (Jun 2022),32.6634569
Unearthing Common Ground: a six week journey into Community Land Trusts,0x08f2E5b3b316C49F8Ab95df0D6ee541271d10f7e,GR15 (Sep 2022),397.021217
Promoting Biochar as a Climate Solution in Northwestern Washington,0x0909Db4243e5f48667c66eAa7229B1d100882201,GR14 (Jun 2022),15.2243789
Promoting Biochar as a Climate Solution in Northwestern Washington,0x0909Db4243e5f48667c66eAa7229B1d100882201,GR15 (Sep 2022),27.8291542
nfDAO,0x09203487A637b28D8D5CfDFE0BCE8F7A815a8c48,GR15 (Sep 2022),19.6454939
Pythagoras Ecology Works,0x097b3Dca5a9CaFDcE84f64e3a596Aeb74CD889A8,GR15 (Sep 2022),13.3272403
regr√≤,0x09BAddEbf74a112a00950cAe90b61650de4DBcdB,Beta (May 2023),841.15899
Tokyo River Friends,0x0a723e490f9fb8937f628bf5d6101b420ff8372b,GG18 (Aug 2023),1341.50288
Tokyo River Friends,0x0a723e490f9fb8937f628bf5d6101b420ff8372b,GG19 (Nov 2023),1087.70102
"KindOS - A curated ecosystem that recognizes, captures and amplifies kindness.",0x0b08B62BfC2b59B2b3BFaa090f2c61094196494E,GR13 (Mar 2022),214.677342
"KindOS - A curated ecosystem that recognizes, captures and amplifies kindness.",0x0b08B62BfC2b59B2b3BFaa090f2c61094196494E,GR14 (Jun 2022),0.01218495
Climate Finance DAO,0x0B439D198fCdDEe951D498ebA26e024635511240,GR12 (Dec 2021),48617.5402
Climate Finance DAO,0x0B439D198fCdDEe951D498ebA26e024635511240,GR13 (Mar 2022),31.8241991
Climate Finance DAO,0x0B439D198fCdDEe951D498ebA26e024635511240,GR14 (Jun 2022),0.41435963
Climate Finance DAO,0x0B439D198fCdDEe951D498ebA26e024635511240,GR15 (Sep 2022),0.54124609
"Koywe, the first ReFi portfolio manager.",0x0B724Fc22115eaaC14D333Bf174d72687D0bB7Fc,GR13 (Mar 2022),539.71648
"Koywe, the first ReFi portfolio manager.",0x0B724Fc22115eaaC14D333Bf174d72687D0bB7Fc,GR14 (Jun 2022),2131.35827
de_plan ostrom,0x0B8FceE15918C389C436f2ce8F3ad88804b2B92D,Beta (May 2023),3808.1021
Poops NFT,0x0b966ee530A47768c671aadA006643958Da3C876,Beta (May 2023),124.575229
Technology owes nature a compensation.,0x0B983A9A7C0a4Dc37ae2bA2781a9e10141338b34,GR15 (Sep 2022),21.767777
Kula (‡§ï‡•Å‡§≤) Regenerative Commons,0x0c96729ab0256e0d116f1548564b75fe4f343e0b,GG18 (Aug 2023),3219.81677
Kula Earth Regenerative Commons,0x0c96729ab0256e0d116f1548564b75fe4f343e0b,GG19 (Nov 2023),911.239631
Kokonut Network,0x0ea26051f7657d59418da186137141cea90d0652,Alpha (Jan 2023),5850.18
Kokonut Network; Building an Eco-Friendly Perpetual Asset,0x0ea26051f7657d59418da186137141cea90d0652,GG18 (Aug 2023),5681.61696
Kokonut Network; Perpetual Value Ecosystem,0x0ea26051f7657d59418da186137141cea90d0652,GG19 (Nov 2023),2669.0247
Kokonut Network; Building an Eco-Friendly Perpetual Fund,0x0ea26051F7657d59418da186137141CeA90D0652,Beta (May 2023),6438.84197
Kokonut Network: Agriculture + Blockchain + Community,0x0ea26051F7657d59418da186137141CeA90D0652,GR15 (Sep 2022),2914.30927
"A game for realizing desired futures ‚Äî stopping coal plants, supporting communities, celebrating victories and the futures to come",0x0EFD0B2daB774756c04671B5D909c07F4B61EFB8,GR12 (Dec 2021),78.4707826
"A game for realizing desired futures ‚Äî stopping coal plants, supporting communities, celebrating victories and the futures to come",0x0EFD0B2daB774756c04671B5D909c07F4B61EFB8,GR13 (Mar 2022),14.6366948
"A game for realizing desired futures ‚Äî stopping coal plants, supporting communities, celebrating victories and the futures to come",0x0EFD0B2daB774756c04671B5D909c07F4B61EFB8,GR14 (Jun 2022),0.01218495
BETTER,0x0f7272f8873b68b2a2f52685311822d831afc8b4,Alpha (Jan 2023),11089
BETTER,0x0f7272f8873b68b2a2f52685311822d831afc8b4,Beta (May 2023),6940.13917
BETTER,0x0F7272F8873B68b2a2F52685311822D831afC8b4,GR15 (Sep 2022),5984.48146
Elephant in the Room Strategic Climate Solutions,0x0ff1baa6c90480d8627b922a1e81393eb9c7ea08,GG18 (Aug 2023),876.528492
Elephant in the Room Strategic Climate Solutions,0x0ff1baa6c90480d8627b922a1e81393eb9c7ea08,GG19 (Nov 2023),748.066507
Elephant in the Room Strategic Climate Solutions,0x0ff1bAA6c90480d8627B922A1E81393EB9C7eA08,Beta (May 2023),198.577626
Elephant in the Room - Strategic Climate Solutions Campaigns,0x0ff1bAA6c90480d8627B922A1E81393EB9C7eA08,GR12 (Dec 2021),10.9312767
Elephant in the Room - Strategic Climate Solutions Campaigns,0x0ff1bAA6c90480d8627B922A1E81393EB9C7eA08,GR13 (Mar 2022),5816.587
Elephant in the Room - Strategic Climate Solutions Campaigns,0x0ff1bAA6c90480d8627B922A1E81393EB9C7eA08,GR14 (Jun 2022),106.649453
Elephant in the Room - Strategic Climate Solutions Campaigns,0x0ff1bAA6c90480d8627B922A1E81393EB9C7eA08,GR15 (Sep 2022),51.5069461
The Kawagumba village community farm project,0x121028c5a45452f336ad182f4644822d804f2699,GG18 (Aug 2023),2471.00335
The Kawagumba village community farm project,0x121028c5a45452f336ad182f4644822d804f2699,GG19 (Nov 2023),1682.69788
Auto-GPT assistance in Open Electricity DAO,0x12361c6857E16143c3cE7B50ac23E52F19C7C55C,GR14 (Jun 2022),1.42093085
Flambu | Next Generation Sharing Economy,0x12DcF90cBe06Af1ab836f1c17AE2Aa47d2DdE9FE,GR14 (Jun 2022),0.90439044
Alinticoin,0x13ace2eb518ab747c2886e7ef983bb9b540e4fb9,GG18 (Aug 2023),1186.88781
Wild Friends: Play to save wildlife,0x149CeE19BCF7c3d7bFB8b85180168f816a5c42bB,Beta (May 2023),360.89375
ReFi Spring,0x14cb60f6aca2b2a68d975743bacb33f01f587da5,Alpha (Jan 2023),33333.33
Refi Spring 2022,0x14CB60F6Aca2b2A68d975743baCb33F01f587da5,GR14 (Jun 2022),437.013898
Refi Spring 2022,0x14CB60F6Aca2b2A68d975743baCb33F01f587da5,GR15 (Sep 2022),8834.56782
GoodDollar,0x15512f77bfe1d6ac44bee26135978c8d27ba521b,GG18 (Aug 2023),7288.45262
Earth.fm - funding reforestation projects by listening to nature,0x16ceB2E3EbfD3dD87f6b5D500BBD3e335f3d3716,GR13 (Mar 2022),2822.20807
Earth.fm - funding reforestation projects by listening to nature,0x16ceB2E3EbfD3dD87f6b5D500BBD3e335f3d3716,GR14 (Jun 2022),614.008391
Myseelia üçÑ,0x16d46098e455A04Cf7F3e43c3b2706614fDbEC85,Beta (May 2023),1121.44887
Regen Knowledge Graph,0x16d46098e455A04Cf7F3e43c3b2706614fDbEC85,GR15 (Sep 2022),2302.99979
Fundaci√≥n Salva Terra,0x175ee991a52ce577bac0d39b94221a6c835974c3,GG19 (Nov 2023),1004.79661
MesoReefDAO - Regenerating Reef Conservation with DeSci Web3 tools,0x1848f1a85fcbc349016e63150d1e605c6d7faa0b,GG18 (Aug 2023),1851.04415
MesoReefDAO - Regenerating Reef Conservation with DeSci Web3 tools,0x1848f1a85fcbc349016e63150d1e605c6d7faa0b,GG19 (Nov 2023),1688.48841
The CM Guild,0x18ddbb6e344b11eedff5a49fa0c0f1a03cc1097e,Alpha (Jan 2023),954.06
Decentralized Life Sciences Ecosystem,0x1963A6cc8DEb426AE196a95D9e91aC3dFFfC67cB,GR13 (Mar 2022),2911.32499
Decentralized Life Sciences Ecosystem,0x1963A6cc8DEb426AE196a95D9e91aC3dFFfC67cB,GR14 (Jun 2022),14.835989
Decentralized Life Sciences Ecosystem,0x1963A6cc8DEb426AE196a95D9e91aC3dFFfC67cB,GR15 (Sep 2022),949.491606
Hibiscus DAO,0x1a6ef6cc28cf60aa0504cfb21cdffa48cfe3a8fb,Alpha (Jan 2023),5595.82
Permet,0x1a6ef6cc28cf60aa0504cfb21cdffa48cfe3a8fb,GG18 (Aug 2023),59.2459635
Permet,0x1a6EF6CC28cF60aa0504CfB21CdffA48Cfe3A8FB,GR15 (Sep 2022),2460.14795
Climate Fest,0x1a7ebd7351866a43cbf0c8c44016216ce882ec4d,GG19 (Nov 2023),593.599144
Project Toninas: Lahille's bottlenose dolphin as a coastal sentinel,0x1aC6a323322F3Dad7B7E286d57b6a654cb2a46d1,GR15 (Sep 2022),1962.97877
MRV Foundation (previously MRV101),0x1b4463971582f485138879f0e509c160beb8d5e6,Alpha (Jan 2023),3233.12
Plants And Pillars,0x1c4a70eadecc48e436efd0e997445d71df57a4ed,Alpha (Jan 2023),3559.4
Plants And Pillars,0x1c4a70eadecc48e436efd0e997445d71df57a4ed,GG18 (Aug 2023),1093.19745
Plants And Pillars,0x1C4a70EaDeCc48e436Efd0E997445D71DF57a4ED,Beta (May 2023),395.320489
Plants And Pillars,0x1C4a70EaDeCc48e436Efd0E997445D71DF57a4ED,GR15 (Sep 2022),4459.80968
"A place to host regenerative courses, classes and retreats for DAO's.",0x1C99f04AC435f37d86D7D7C0B93b5c3e966B8770,GR15 (Sep 2022),1.53682679
HeliosDAO - Reducing 10M tonnes of CO2 by 2030,0x1Ca49d4DDDEeC6A8838cBcdc2B968242f266dC58,GR13 (Mar 2022),65783.4496
HeliosDAO - Reducing 10M tonnes of CO2 by 2030,0x1Ca49d4DDDEeC6A8838cBcdc2B968242f266dC58,GR14 (Jun 2022),77.1659452
HeliosDAO - Reducing 10M tonnes of CO2 by 2030,0x1Ca49d4DDDEeC6A8838cBcdc2B968242f266dC58,GR15 (Sep 2022),4.94324165
Precious Plastic,0x1d2255E5B580bcAD8c7b5645D5B09Ee718411a6C,GR14 (Jun 2022),3.19697622
EkoDoku - Ethical Silk Production,0x1d62ca266a5113d219ae7d28d8a70b22448c63ec,GG19 (Nov 2023),645.634039
Awake - On-chain shareholder credentials,0x20c7F2a24f33cF4F02D2D185e49aC7B1C975d37f,GR15 (Sep 2022),2.13008442
Vean,0x20D1cC2212b56f7Fe4c80907a4f1DE74E2Ed5537,Beta (May 2023),246.814555
ReFi EBF - Activating the Ecological Benefits Framework üêâ,0x2119b7faadf53abc4c9993b7b66afa0c88bcabd5,GG19 (Nov 2023),1898.0257
The Ecological Benefits Framework,0x2119b7FaADf53Abc4c9993b7b66aFA0C88BCaBd5,Beta (May 2023),4592.15278
Bundle: Creative Works,0x2129fcc2bad30a0c7a448fe802265a14643092df,Alpha (Jan 2023),1743.01
The ReGen Games! Like the Olympics for Regeneration,0x21F9F77f867E321Df0747ad62e96602Bd603E734,GR15 (Sep 2022),44.2473127
Act Now Climate Change Bundle,0x221966004b2001a0da1274024d67cd09febd0b94,Alpha (Jan 2023),5514.99
GiveStation DAO,0x2275f722f01701Fb6a3A2f03D64e47245f5675AF,GR13 (Mar 2022),19.9499845
ORGO App Development Fund,0x230F969C7DC23A435015cFf0cD452CBb0C939825,GR14 (Jun 2022),75.3424964
ORGO App Development Fund,0x230F969C7DC23A435015cFf0cD452CBb0C939825,GR15 (Sep 2022),5.89751901
Ocean Sole,0x23785b68aef9b3c8c2074474671d1c23e88cb20c,GG18 (Aug 2023),2391.61236
Ocean Sole,0x23785b68aef9b3c8c2074474671d1c23e88cb20c,GG19 (Nov 2023),1379.89313
La Madriguera,0x23c0c5e0d894d006e4fe4520b6c3d91b7f9ef7ab,GG18 (Aug 2023),336.060212
La Madriguera,0x23c0c5e0d894d006e4fe4520b6c3d91b7f9ef7ab,GG19 (Nov 2023),1194.22679
DLTEO (soon to be Orbuculum),0x243f908eD9298Edd7fDe70E9C61EE3ee1Ef0D004,Beta (May 2023),120.822848
WaterDAO,0x24451D42d570d62b01c070956Ec3f61F43801036,Beta (May 2023),3914.18617
SENTIENT: Giving Voice to Earth's Rivers using Ai,0x24d825160887bdd4785b6f3bd8a9f10fcd367350,GG18 (Aug 2023),1041.326
Climecheck,0x2604AB91d49106EE861BbC2B6718A4EC25318fae,Beta (May 2023),339.114002
Distributed Solar for Web3 Creators in Nigeria,0x2604AB91d49106EE861BbC2B6718A4EC25318fae,GR15 (Sep 2022),2809.97667
Palta3,0x26739f166cA9003cCD9596e20Ff05F1929E5952C,Beta (May 2023),12.967705
HiGHS: an open-source MILP solver for energy modeling,0x26Cfa843872BCF39BA243BF9d8Df6FB35D1Dd24d,GR14 (Jun 2022),0.85381566
Pollen Buzz Initiative,0x28770db2ac7e4009b0e1aaa57db2abad86a96266,GG18 (Aug 2023),1384.14119
Pollen Buzz Initiative,0x28770db2ac7e4009b0e1aaa57db2abad86a96266,GG19 (Nov 2023),1051.43034
Meltek: Earn Crypto for Saving Energy,0x2987B9951F72b20f0C1cABaeA8a3C53a08402CF2,GR13 (Mar 2022),1761.3862
Meltek: Earn Crypto for Saving Energy,0x2987B9951F72b20f0C1cABaeA8a3C53a08402CF2,GR14 (Jun 2022),8429.61893
Meltek: Earn Crypto for Saving Energy,0x2987B9951F72b20f0C1cABaeA8a3C53a08402CF2,GR15 (Sep 2022),28.1365497
All for Climate: offering a back office for autonomous collectives,0x298f7f66ba43f0efecf4bc324b0016f822c783a4,GG18 (Aug 2023),892.09692
Support and onboard climate projects to web3 and Gitcoin,0x298F7F66bA43f0EfeCf4bc324b0016F822c783A4,GR12 (Dec 2021),2631.39393
Support and onboard climate projects to web3 and Gitcoin,0x298F7F66bA43f0EfeCf4bc324b0016F822c783A4,GR13 (Mar 2022),3835.19079
Support and onboard climate projects to web3 and Gitcoin,0x298F7F66bA43f0EfeCf4bc324b0016F822c783A4,GR14 (Jun 2022),540.334021
Support and onboard climate projects to web3 and Gitcoin,0x298F7F66bA43f0EfeCf4bc324b0016F822c783A4,GR15 (Sep 2022),434.614613
Bundle: Climate Research Alpha Round,0x29c40842a76b0aa28865ebf7c916ec820233b7bb,Alpha (Jan 2023),6189.62
Roela,0x2a301f7710137a46077789355c06eca2c6b4c4ef,GG18 (Aug 2023),21.8437639
Litter Token,0x2AD50d709C2FCdDd44534Ebe18495bDd6133c131,Beta (May 2023),721.087999
Litter Token DAO,0x2AD50d709C2FCdDd44534Ebe18495bDd6133c131,GR15 (Sep 2022),0.18421583
Web3 Impact Base - a platform for information sharing on companies using Web3 in their stack,0x2b58e750548A2Ee5e10987E7fb9c12c110fb9a9a,GR15 (Sep 2022),0.19014582
Simbiotica | The source for impact insights on-chain.,0x2bc06b249f9a677dccc65ed12f830698f2067c4f,GG18 (Aug 2023),262.984528
Simbiotica | The source for impact insights on-chain.,0x2bc06B249F9a677DCcC65Ed12F830698f2067C4f,Beta (May 2023),6146.61557
The water marketplace to combat a global water crisis,0x2bD9CF50d2830C0CF467ea0A0c86fb6766Dad341,GR14 (Jun 2022),1.19452075
Bloomeria,0x2dBC5A4A615c9fa0f93207467ad9fc277FaEF479,Beta (May 2023),365.226354
Bloomeria,0x2dBC5A4A615c9fa0f93207467ad9fc277FaEF479,GR12 (Dec 2021),6232.57104
Bloomeria,0x2dBC5A4A615c9fa0f93207467ad9fc277FaEF479,GR13 (Mar 2022),142.639975
Bloomeria,0x2dBC5A4A615c9fa0f93207467ad9fc277FaEF479,GR14 (Jun 2022),115.66866
Bloomeria,0x2dBC5A4A615c9fa0f93207467ad9fc277FaEF479,GR15 (Sep 2022),0.40799565
Natives in Tech,0x2dee5d7e77a1212b21139bc1d98b249dcc52055d,Alpha (Jan 2023),2241.48
Natives in Tech DAO,0x2DeE5D7e77A1212b21139Bc1d98B249DCc52055D,GR13 (Mar 2022),2048.12204
Natives in Tech DAO,0x2DeE5D7e77A1212b21139Bc1d98B249DCc52055D,GR14 (Jun 2022),2835.61651
Natives in Tech DAO,0x2DeE5D7e77A1212b21139Bc1d98B249DCc52055D,GR15 (Sep 2022),4942.88222
TREEGENS - The Most Transparent & Rewarding Tree Planting,0x2e19b39a5fb2608b10f375780a425afa0e042b11,GG18 (Aug 2023),11588.2167
Regenerative Science Methodology Facilitation,0x2Edaa86197A839792a9Befd71DafB328422be84E,GR15 (Sep 2022),29.1882064
The River: Social Impact Media DAO,0x2F60CFc6C157A1A2F47e4dcaD90377393B57159A,GR12 (Dec 2021),73.2756896
SISU Living Portals,0x2fe0807D0e806549D6ad240dfa47071be908b226,Beta (May 2023),17.5708417
Coorest CO2 tokens,0x307D43F1992b3CfC1F480568315002fdbc1B8cbc,GR15 (Sep 2022),4.15578181
Community Engagement - Bundle 6,0x315e6c37077cc5772709bb7fecd6d7606b4443c4,Alpha (Jan 2023),3383.3
ERC-Cool - The new standard in climate action,0x3196AA0F31dFc8CaD40Dc92C418b8Af5e7ccAD65,GR15 (Sep 2022),130.19705
BiCity Info project,0x32411020F0473Df945800514e9634c0581250917,GR14 (Jun 2022),0.71002541
Crystaltrade,0x32474f494b279329fd9e3eb0a98a9fd85a6f19c5,GG19 (Nov 2023),413.383894
Seaworthy Foundation,0x32b4E483121321146f9E63cF89eA821817e1f9bC,GR12 (Dec 2021),3987.36191
Seaworthy Foundation,0x32b4E483121321146f9E63cF89eA821817e1f9bC,GR13 (Mar 2022),104.403955
Seaworthy Foundation,0x32b4E483121321146f9E63cF89eA821817e1f9bC,GR14 (Jun 2022),22.2747121
Seaworthy Foundation,0x32b4E483121321146f9E63cF89eA821817e1f9bC,GR15 (Sep 2022),2.97904786
Beyond Pollinator-Friendly: EcoCredits to Rebuild Biodiversity,0x32bFf39777e0949fb220F82F982F671ADa7E5867,GR13 (Mar 2022),52.1234306
Beyond Pollinator-Friendly: EcoCredits to Rebuild Biodiversity,0x32bFf39777e0949fb220F82F982F671ADa7E5867,GR15 (Sep 2022),1.07070437
Rainforest Direct,0x338326660F32319E2B0Ad165fcF4a528c1994aCb,GR12 (Dec 2021),12698.8616
Rainforest Alert: a technology-based forest protection method for preventing deforestation on indigenous peoples' lands,0x338326660F32319E2B0Ad165fcF4a528c1994aCb,GR13 (Mar 2022),60.3805716
Rainforest Alert: a technology-based forest protection method for preventing deforestation on indigenous peoples' lands,0x338326660F32319E2B0Ad165fcF4a528c1994aCb,GR14 (Jun 2022),3.07981951
ReFi Spring 2022 Event Series,0x338717d4DBd87D7cCa6756b2932e50FeC2A4b607,GR14 (Jun 2022),1.04856187
The Angry Teenagers - democratising investment in reforestation projects,0x3460bf837b6741035d20ea2d894a4423a859af12,Alpha (Jan 2023),2851.79
The Angry Teenagers - democratising investment in reforestation projects,0x3460BF837B6741035d20Ea2D894A4423A859af12,Beta (May 2023),289.253641
The Angry Teenagers - scalable decentralised funding for real world reforestation & environmental projects,0x3460BF837B6741035d20Ea2D894A4423A859af12,GR15 (Sep 2022),3141.26951
The Wildlife Movement Institute: An Open-Source Tracking Community,0x34864E4fb9b6ebF21D8C860ff920Edd736df21bc,Beta (May 2023),897.047548
Impacta Finance: Scaling Web3 Impact Initiatives,0x34B9bc5132319B38Cd0E6Bc812ad6a40bA7AaDB2,GR15 (Sep 2022),167.353084
Village Grid DAO,0x34BD8A7AE5369B71380B88157e01372182A10638,GR13 (Mar 2022),51.0057917
Village Grid DAO,0x34BD8A7AE5369B71380B88157e01372182A10638,GR14 (Jun 2022),0.77823151
Village Grid DAO,0x34BD8A7AE5369B71380B88157e01372182A10638,GR15 (Sep 2022),4.02790575
Carbon Anti-Theft,0x36a0356d43ee4168ed24efa1cae3198708667ac0,GG19 (Nov 2023),1082.88889
Carbon Anti-Theft,0x36A0356d43EE4168ED24EFA1CAe3198708667ac0,Beta (May 2023),741.220768
Carbon Accounting with Anti-theft + Social (Charity) Tokens and DAO,0x36A0356d43EE4168ED24EFA1CAe3198708667ac0,GR13 (Mar 2022),12.4198141
Carbon Accounting with Anti-theft + Social (Charity) Tokens and DAO,0x36A0356d43EE4168ED24EFA1CAe3198708667ac0,GR14 (Jun 2022),9.84109065
Carbon Accounting with Anti-theft + Social (Charity) Tokens and DAO,0x36A0356d43EE4168ED24EFA1CAe3198708667ac0,GR15 (Sep 2022),1.05487457
Engagemint,0x36A1E54a51639693779bC8a121724aa446f3F57C,GR13 (Mar 2022),4.53088052
Engagemint,0x36A1E54a51639693779bC8a121724aa446f3F57C,GR14 (Jun 2022),0.01218495
New Atlantis: unlocking ocean biodiversity + blue carbon with DeSci & Web3,0x36F72624016C75E96006EC9eD64C575DA538e364,GR15 (Sep 2022),25872.803
Regens Unite: building public goods and a community to support all regens from web3 and beyond,0x371ca2c8f1d02864c7306e5e5ed5dc6edf2dd19c,Alpha (Jan 2023),5927.28
Regens Unite - Bridging Climate Solutions with Events & Media,0x371ca2c8f1d02864c7306e5e5ed5dc6edf2dd19c,GG19 (Nov 2023),2670.05302
SeaBrick,0x37bfa37ec3e9c86596f9737e35d9d49786102079,GG18 (Aug 2023),824.677032
Rebioca,0x37fbf6535ca0d6d35c9077df3322e586c1462ac5,GG18 (Aug 2023),951.053099
Rebioca,0x37fbf6535ca0d6d35c9077df3322e586c1462ac5,GG19 (Nov 2023),1131.81886
Rebioca,0x37fBF6535Ca0d6D35c9077DF3322E586c1462AC5,Beta (May 2023),894.262428
VeganCooks.org,0x38D2b8864Bcd8D4937e5aA8bF9d48D7e06CcFeeB,GR13 (Mar 2022),3.82004405
VeganCooks.org,0x38D2b8864Bcd8D4937e5aA8bF9d48D7e06CcFeeB,GR14 (Jun 2022),0.01218495
Land Regeneration in Colorado,0x391f62c0B34Ee20d923b52a0650ffC061B0264FB,GR14 (Jun 2022),11.0633875
Land Regeneration in Colorado,0x391f62c0B34Ee20d923b52a0650ffC061B0264FB,GR15 (Sep 2022),0.20829021
Solarpunk your street: fund the development of a Citizen Garden kit to reclaim the public space,0x3994df9F08C9C5C3fAF8386A6Dbe0dfCA04D110B,GR15 (Sep 2022),71.0135602
Piloting Prosperity Pools: Facilitating Cultural Climate Change in Solution Spaces grounded in Local Regen Places,0x39B86c3a651E4Ce2e8F8de9074028973D7948567,GR14 (Jun 2022),39.6181579
Piloting Prosperity Pools: Facilitating Cultural Climate Change in Solution Spaces grounded in Local Regen Places,0x39B86c3a651E4Ce2e8F8de9074028973D7948567,GR15 (Sep 2022),32.0948893
Watercycle,0x39D453d4B86c6D97f6D420cB2F0dab957dec0279,Beta (May 2023),1455.37939
watercycle,0x39D453d4B86c6D97f6D420cB2F0dab957dec0279,GR15 (Sep 2022),45.3869925
Zaya ~ Cultivating human-nature symbiosis,0x3a2DD14bd9e6A5a37Cb771600444921EAcB2498e,GR15 (Sep 2022),1.80660126
Yaupon Tea Co. - Creating Sustainable Rewards for Local Suppliers,0x3bf1447785664684709a986d432ca45b5bdfbb7a,GG18 (Aug 2023),392.218471
Yaupon Tea Co. - Creating Sustainable Rewards for Local Suppliers,0x3bf1447785664684709a986d432ca45b5bdfbb7a,GG19 (Nov 2023),469.611931
Blue Morpha Inc.,0x3BF8Df724A745f210A32F693BFCC50dc2c76D405,GR15 (Sep 2022),86.8897661
Avano,0x3c8281c8786ab29bcab5b33566968f8011ea6a59,Alpha (Jan 2023),814.14
Avano,0x3C8281c8786ab29Bcab5B33566968f8011ea6A59,Beta (May 2023),288.273906
Avano [Panvala League]- Decentralized Environmental Offsets (aka Beyond Carbon Credits),0x3C8281c8786ab29Bcab5B33566968f8011ea6A59,GR12 (Dec 2021),3495.8414
Avano [Panvala League]- Decentralized Environmental Offsets (aka Beyond Carbon Credits),0x3C8281c8786ab29Bcab5B33566968f8011ea6A59,GR13 (Mar 2022),2628.15223
Avano [Panvala League]- Decentralized Environmental Offsets (aka Beyond Carbon Credits),0x3C8281c8786ab29Bcab5B33566968f8011ea6A59,GR14 (Jun 2022),65990.788
Avano [Panvala League]- Decentralized Environmental Offsets (aka Beyond Carbon Credits),0x3C8281c8786ab29Bcab5B33566968f8011ea6A59,GR15 (Sep 2022),3473.76761
Coffee Impact Collective,0x3cc9f396430bc766ac8aa57fc28aebc5919a5d81,GG18 (Aug 2023),1632.54656
Coffee Impact Collective,0x3cc9f396430bc766ac8aa57fc28aebc5919a5d81,GG19 (Nov 2023),1023.37623
Coffee Impact Collective,0x3Cc9F396430bC766AC8aa57fc28aeBc5919A5d81,Beta (May 2023),1037.19091
Coffee Carbon Collective: regenerative financing for coffee farmers,0x3Cc9F396430bC766AC8aa57fc28aeBc5919A5d81,GR15 (Sep 2022),1410.04925
DAO of interpreters and translators for climate projects,0x3d7CFE9D00436d49178576dC2Be9Adaaad35a775,GR14 (Jun 2022),15.3101827
DAO of interpreters and translators for climate projects,0x3d7CFE9D00436d49178576dC2Be9Adaaad35a775,GR15 (Sep 2022),0.74274888
JacksonMSDAO: Raising funds for emergency aid and R&D to support communities affected by water crises and long-term sustainable solutions,0x3D86BFC94f304E888f778396269e0fB54A665896,GR15 (Sep 2022),188.35044
Hazel - Mobile Game That Fights Climate Change,0x3F34181A59C7EbD971aa629A5E05109486242375,Beta (May 2023),344.710174
Hazel - Gamifying Carbon Removal For Consumers Using Web3 Technology,0x3F34181A59C7EbD971aa629A5E05109486242375,GR15 (Sep 2022),60.2380834
ALTERNUN,0x3f4224e134eadb9ead94490d50ac3a34e897c4ed,GG19 (Nov 2023),763.012063
Proof of Zero,0x3fa2284d9320badD6C1c1200FaaCfFA0aB54b669,Beta (May 2023),40.5741273
Aluxes,0x40636c38f9114b89a89f06c7377aa26c79800577,GG19 (Nov 2023),1136.06192
Astral Protocol,0x41dde2dc7f718d5f764fc97e8d122864587642d4,Alpha (Jan 2023),25923.18
Astral,0x41dde2dc7f718d5f764fc97e8d122864587642d4,GG19 (Nov 2023),1501.91356
Astral Protocol,0x41DdE2Dc7f718D5F764fc97e8d122864587642d4,Beta (May 2023),1086.62624
‚ú® Astral ‚Äî¬†Spatial data on the decentralized web,0x41DdE2Dc7f718D5F764fc97e8d122864587642d4,GR13 (Mar 2022),51052.8134
‚ú® Astral ‚Äî¬†Spatial data on the decentralized web,0x41DdE2Dc7f718D5F764fc97e8d122864587642d4,GR14 (Jun 2022),74869.3511
‚ú® Astral ‚Äî¬†Spatial data on the decentralized web,0x41DdE2Dc7f718D5F764fc97e8d122864587642d4,GR15 (Sep 2022),2950.43432
Biolumen,0x423f505479a50264f14730bb8ffcdee67da11d56,GG18 (Aug 2023),913.960669
Biolumen,0x423f505479a50264f14730Bb8fFCdeE67DA11d56,Beta (May 2023),93.1587051
Biolumen Project,0x423f505479a50264f14730Bb8fFCdeE67DA11d56,GR14 (Jun 2022),0.14885991
Biolumen Project,0x423f505479a50264f14730Bb8fFCdeE67DA11d56,GR15 (Sep 2022),0.19247638
Sympoiesis,0x435CD42591cC503a909085c3d3d2899d17032F77,Beta (May 2023),1103.78494
ReConnection Tech,0x435CD42591cC503a909085c3d3d2899d17032F77,GR15 (Sep 2022),1.52425397
Sunrise Stake,0x43fa25b52f64d2de6fc62f9ac92f1b96a3c4096e,GG19 (Nov 2023),1209.6316
GreenWorld,0x44d5bf6da9086e586f6b35f51927fdecd7d3b645,GG19 (Nov 2023),781.961071
Bundle: Emerging Economies and Indigenous Communities,0x4574e76cbb9891a90d46b0788cc4094b9275b61e,Alpha (Jan 2023),4159.14
Solarpunk Nomads: building the first two Public Goods adventure vehicles,0x474716e617fea8898d4fa9d891aa67b5bedd6c4b,Alpha (Jan 2023),13262.91
"Solarpunk nomads: eco vehicles, routes and Solarpunk World Building",0x474716e617fea8898d4fa9d891aa67b5bedd6c4b,GG18 (Aug 2023),6499.16928
Solarpunk Nomads: Nomad Hub and Climate Resilience Tracker,0x474716e617fea8898d4fa9d891aa67b5bedd6c4b,GG19 (Nov 2023),3030.12411
Solarpunk nomads: tracing nomadic routes with the first two public goods adventure vehicles,0x474716e617FEa8898D4fa9D891AA67B5BEDd6C4b,Beta (May 2023),4084.32832
SOLARPUNK NOMADS,0x474716e617FEa8898D4fa9D891AA67B5BEDd6C4b,GR14 (Jun 2022),1600.22492
Artists for Climate - using art to solve the Climate Emergency,0x474716e617FEa8898D4fa9D891AA67B5BEDd6C4b,GR15 (Sep 2022),2340.84036
Realtime Climate Data Market (RealClime),0x47ac438004d39518792eb96f743a4b952e8462fe,GG19 (Nov 2023),814.477888
Realtime Climate Data Extension (RealClime),0x47ac438004D39518792eb96F743A4b952e8462Fe,Beta (May 2023),309.384096
B√öAN_fund,0x48ea61df42a9d86fcf4763f3f6369e99853f1812,GG19 (Nov 2023),827.117216
B √ö A N _,0x48ea61df42A9D86FCF4763F3f6369E99853F1812,GR15 (Sep 2022),0.91445933
Bundle: Oceans & Forests,0x48f2696fb6fab7ac0956175b2e25b456e61b3fcf,Alpha (Jan 2023),6359.57
Atem - enabling simple and efficient carbon offsetting,0x49971886c6482E6387F2A408CBE1b226B4532EB5,GR13 (Mar 2022),0.58547733
Atem - enabling simple and efficient carbon offsetting,0x49971886c6482E6387F2A408CBE1b226B4532EB5,GR14 (Jun 2022),1.82867174
Funding Fusion Energy Innovation As A Public Good - FrontierDAO,0x4A35674727c44cf4375d80C6171281Ba2f764213,GR15 (Sep 2022),1398.32238
Litter Token,0x4afc0c9a5c4060df2345c5b8c73e8edba2de8e47,GG18 (Aug 2023),3274.88584
"Ama Earth Group - Earth Development Company ""Taking Climate Change into Our Own Hands"" üî®",0x4afc0c9a5c4060df2345c5b8c73e8edba2de8e47,GG19 (Nov 2023),2156.5329
Neutral Protocol - On-chain carbon derivatives,0x4B52A1feB5eF62D61cEa2834f0E98A03bB5d7656,GR15 (Sep 2022),538.359161
Digital Gaia: An Open Source Ecosystem to Defeat Moloch and Regenerate the Planet,0x4bd87f86824a1577e705489780376da5ad309180,GG18 (Aug 2023),474.137582
Digital Gaia: A Science-Based Co-Pilot to Defeat Moloch and Regenerate the Planet,0x4BD87f86824a1577e705489780376DA5AD309180,Beta (May 2023),4060.78215
Digital Gaia: Proof of Impact for ReFi,0x4BD87f86824a1577e705489780376DA5AD309180,GR13 (Mar 2022),43.0268974
Digital Gaia: Proof of Impact for ReFi,0x4BD87f86824a1577e705489780376DA5AD309180,GR14 (Jun 2022),27217.5363
Digital Gaia: Proof of Impact for ReFi,0x4BD87f86824a1577e705489780376DA5AD309180,GR15 (Sep 2022),759.447299
DeFood: Decentralized Food Security Network (DFSN),0x4be737b450754bc75f1ef0271d3c5da525173f6b,GG18 (Aug 2023),890.518094
DeFood: Decentralized Food Security Network (DFSN),0x4be737b450754bc75f1ef0271d3c5da525173f6b,GG19 (Nov 2023),938.385233
DeFood: Decentralized Food Security Network (DFSN),0x4Be737B450754BC75f1ef0271D3C5dA525173F6b,Beta (May 2023),249.607936
KUMO - Money Backed By Nature,0x4cae80e11fB1fd5C5b18550dA7e7A026F12c4cAF,Beta (May 2023),339.989559
KUMO - Money backed by Nature,0x4cae80e11fB1fd5C5b18550dA7e7A026F12c4cAF,GR13 (Mar 2022),2549.41245
KUMO - Money backed by Nature,0x4cae80e11fB1fd5C5b18550dA7e7A026F12c4cAF,GR14 (Jun 2022),238.759307
KUMO - Money backed by Nature,0x4cae80e11fB1fd5C5b18550dA7e7A026F12c4cAF,GR15 (Sep 2022),9.82583526
Values Index,0x4Deb66B214E44eF01365Bc5E22E09626C71d4148,GR13 (Mar 2022),5724.61414
Values Index,0x4Deb66B214E44eF01365Bc5E22E09626C71d4148,GR14 (Jun 2022),798.262903
Values Index,0x4Deb66B214E44eF01365Bc5E22E09626C71d4148,GR15 (Sep 2022),255.477373
Gaia,0x4e24d773ade7f5c0a23935806c824a9d1e27cd72,GG18 (Aug 2023),1675.72446
Gaia,0x4e24d773ade7f5c0a23935806c824a9d1e27cd72,GG19 (Nov 2023),1515.91067
Alaeris - Carbon Reduction & Reforestation - Planting 1 Trillion Trees,0x4eC7F6Cd89652FD1a367c1492712ae80Ff197C08,GR13 (Mar 2022),3.1650197
Alaeris - Carbon Reduction & Reforestation - Planting 1 Trillion Trees,0x4eC7F6Cd89652FD1a367c1492712ae80Ff197C08,GR14 (Jun 2022),39.9112839
Option: Governance for Profitable Good(s),0x4f8c531df3d97c6Cd437aC8DfE756975445D1161,GR15 (Sep 2022),5.34449641
"Scaling Nature Positive Credits through Digital Measurement, Reporting and Verification",0x4FaF9432F7Dbfe93b67057Bb6aAdDEe6684DEB08,GR15 (Sep 2022),756.692449
Earthist - Decentralize Hemp Seeds,0x5076f87610Ff3D5f859d562a050Dae82F6b3C63e,GR13 (Mar 2022),3215.71601
Earthist - Decentralize Hemp Seeds,0x5076f87610Ff3D5f859d562a050Dae82F6b3C63e,GR14 (Jun 2022),106.894428
Earthist - Decentralize Hemp Seeds,0x5076f87610Ff3D5f859d562a050Dae82F6b3C63e,GR15 (Sep 2022),3086.20532
WEB3 MARKETPLACE FOR A REGENERATIVE ECONOMY,0x50dB3E008d79B632B2cee3b5f984Cbf0f661E476,GR13 (Mar 2022),31420.33
WEB3 MARKETPLACE FOR A REGENERATIVE ECONOMY,0x50dB3E008d79B632B2cee3b5f984Cbf0f661E476,GR14 (Jun 2022),89.3802673
WEB3 MARKETPLACE FOR A REGENERATIVE ECONOMY,0x50dB3E008d79B632B2cee3b5f984Cbf0f661E476,GR15 (Sep 2022),0.89494461
TaterDAO,0x50e9b8e58aceafede65aa111bd211cc52bf64517,Beta (May 2023),1567.34733
Bloom Network,0x5219ffb88175588510e9752a1ecaa3cd217ca783,GG18 (Aug 2023),1856.20032
Bloom Network,0x5219ffb88175588510e9752a1ecaa3cd217ca783,GG19 (Nov 2023),1873.96505
PlantGang,0x5475264b90bba81cd8d159ce98f438e647684a5e,GG18 (Aug 2023),754.309335
Save Pakistan -- The biggest climate crisis 33M+ displaced,0x54e0cD76449570BE004A8C1Ad7ab0AB2bb8982c3,GR15 (Sep 2022),720.818882
GeoNFT & Fractionalizer,0x57E6cf96a2E99a3fdAa79Acc3A14fC9be1Eabc03,Beta (May 2023),14161.5825
Science Fund,0x585cD52bf0206a1ee3Bcc609A06Be74ae9C82Bf1,GR13 (Mar 2022),5992.12987
Science Fund,0x585cD52bf0206a1ee3Bcc609A06Be74ae9C82Bf1,GR14 (Jun 2022),6.31761336
Science Fund,0x585cD52bf0206a1ee3Bcc609A06Be74ae9C82Bf1,GR15 (Sep 2022),298.538808
Climate Attestation Protocol,0x58B36156A268eC1E28aC781554c556E5152f7450,Beta (May 2023),1361.75459
The Decarbonization Warp Drive,0x58B36156A268eC1E28aC781554c556E5152f7450,GR12 (Dec 2021),54679.4735
The Decarbonization Warp Drive,0x58B36156A268eC1E28aC781554c556E5152f7450,GR13 (Mar 2022),16343.8418
The Decarbonization Warp Drive,0x58B36156A268eC1E28aC781554c556E5152f7450,GR14 (Jun 2022),29.8151323
The Decarbonization Warp Drive,0x58B36156A268eC1E28aC781554c556E5152f7450,GR15 (Sep 2022),9.0327785
Delgadito: Making a Better Nursery for Baby Whales,0x59263FB8FE8Ea3171E8d66BEc800d441d85168D3,GR13 (Mar 2022),255.177913
Delgadito: Making a Better Nursery for Baby Whales,0x59263FB8FE8Ea3171E8d66BEc800d441d85168D3,GR14 (Jun 2022),6.15785518
Delgadito: Making a Better Nursery for Baby Whales,0x59263FB8FE8Ea3171E8d66BEc800d441d85168D3,GR15 (Sep 2022),14.4769042
The Impact App + Eco Labs,0x59490c362c54c1b60158f19ce499c82aa3669820,Alpha (Jan 2023),1877.21
üåª Sunflower EcoTech üåª (fka Eco Labs),0x59490c362c54c1b60158f19ce499c82aa3669820,GG18 (Aug 2023),6552.72947
üåª Sunflower EcoTech üåª,0x59490c362c54c1b60158f19ce499c82aa3669820,GG19 (Nov 2023),4223.89165
The Impact App + Eco Labs,0x59490C362C54C1b60158F19CE499C82aa3669820,Beta (May 2023),6869.89881
The Impact App + Eco Labs,0x59490C362C54C1b60158F19CE499C82aa3669820,GR14 (Jun 2022),623.338714
The Impact App + Eco Labs,0x59490C362C54C1b60158F19CE499C82aa3669820,GR15 (Sep 2022),5647.73953
The Solar Connection : A solarpunk traveling documentary.,0x598027C3dC18E6E0576139e2c345eC3BfcFd8E5E,GR15 (Sep 2022),145.478892
INFINITRI: A new way of forest preservation and regeneration,0x5a640aC15E7cA26e6067B2F8dd53a7142016b596,GR15 (Sep 2022),691.783982
Embed Renewable Energy into anything digital with NFT REC fractions. (we're Zero Labs & we're live üöÄ),0x5aDaC46a2C4e8471681F3feF216904EAA8961B16,GR13 (Mar 2022),1008.52496
Embed Renewable Energy into anything digital with NFT REC fractions. (we're Zero Labs & we're live üöÄ),0x5aDaC46a2C4e8471681F3feF216904EAA8961B16,GR14 (Jun 2022),42.6520002
Embed Renewable Energy into anything digital with NFT REC fractions. (we're Zero Labs & we're live üöÄ),0x5aDaC46a2C4e8471681F3feF216904EAA8961B16,GR15 (Sep 2022),41.7562651
SANE Foundation: Pioneering Web3 Climate Solutions in Bioregions Worldwide,0x5adccac4f36b095ffb0aa8f43f59f39f52ee7fb3,GG18 (Aug 2023),55.1590013
The Solar Foundation,0x5b625088ee2e0e9e3d0bd8ab6ba3839d68886d2d,Alpha (Jan 2023),10809.79
Spark Eco and Helios - the Solar Foundation - Funding solar together,0x5B625088Ee2E0E9E3D0BD8AB6Ba3839d68886d2D,GR13 (Mar 2022),22274.7104
Spark Eco and Helios - the Solar Foundation - Funding solar together,0x5B625088Ee2E0E9E3D0BD8AB6Ba3839d68886d2D,GR14 (Jun 2022),3534.22466
Spark Eco and Helios - the Solar Foundation - Funding solar together,0x5B625088Ee2E0E9E3D0BD8AB6Ba3839d68886d2D,GR15 (Sep 2022),7706.32111
Knysna Alien Busters,0x5C3f7b8e269CdF055D9DC4cE10d7444D61377D8f,Beta (May 2023),309.312282
Pellet stoves and solar panels for rural Namibian community,0x5cd129ec3244664138bc80ee9216e676b3dac847,GG18 (Aug 2023),618.58022
Renewable energy &tree-planting for rural Namibian community,0x5cD129EC3244664138Bc80EE9216e676b3dac847,GR13 (Mar 2022),2491.73038
Renewable energy &tree-planting for rural Namibian community,0x5cD129EC3244664138Bc80EE9216e676b3dac847,GR14 (Jun 2022),3364.22963
Renewable energy &tree-planting for rural Namibian community,0x5cD129EC3244664138Bc80EE9216e676b3dac847,GR15 (Sep 2022),625.493171
xParametric,0x5d3c1d640ed1e3c9fa131ac21c0972ad4a328621,GG19 (Nov 2023),1201.44499
Developing commodified measures of underground carbon sequestration and biodiversity: Creating a Regen Network methodology,0x5e536919aBc2B0dF86de137d4BA17aB95021509d,GR14 (Jun 2022),2.23889775
Developing commodified measures of underground carbon sequestration and biodiversity: Creating a Regen Network methodology,0x5e536919aBc2B0dF86de137d4BA17aB95021509d,GR15 (Sep 2022),0.39818872
Greenpill digital campfire,0x5E968e92a1fED01A32bbDD9D20e49Cb8299eAC5b,GR13 (Mar 2022),140.504049
Greenpill digital campfire,0x5E968e92a1fED01A32bbDD9D20e49Cb8299eAC5b,GR14 (Jun 2022),1.23824872
"Ayowecca Uganda : Training rural farmers & indigenous communities on regenerative agriculture, providing women & girls with new skills for economic empowerment and planting fruit trees in school & health centers",0x60f02cc8b0ce8779d3e60902e1be216f70d08b11,GG19 (Nov 2023),2282.89623
Earthshot - Restoring Humanity‚Äôs Relationship With Nature,0x619A259907a647D8b7B8b0c00611BdFDeef35eE6,GR14 (Jun 2022),1.31659779
WaterDAO,0x61c515fe1a0194db6d012a1fcc392eceba03818c,GG18 (Aug 2023),5739.24412
WaterDAO,0x61c515fe1a0194db6d012a1fcc392eceba03818c,GG19 (Nov 2023),1932.33958
R3WILD,0x61f67995bd9e1ce55bb93e462d9ec26d2412bef6,GG18 (Aug 2023),1421.70327
R3WILD,0x61f67995bd9e1ce55bb93e462d9ec26d2412bef6,GG19 (Nov 2023),1255.07727
R3WILD,0x61F67995bd9E1ce55bb93E462d9EC26d2412BEf6,Beta (May 2023),2407.14582
Decentralized Desires (Studio-Lab) / Former: Dynamic Energy Budget,0x62edAaC42aDd454EBf7f228F50EC8093ea446176,GR13 (Mar 2022),107.047733
Decentralized Desires (Studio-Lab) / Former: Dynamic Energy Budget,0x62edAaC42aDd454EBf7f228F50EC8093ea446176,GR14 (Jun 2022),0.28350272
Decentralized Desires (Studio-Lab) / Former: Dynamic Energy Budget,0x62edAaC42aDd454EBf7f228F50EC8093ea446176,GR15 (Sep 2022),10.7526366
Next Generation Probiotics for Green Agriculture.,0x632fd6d5e53a8661e751a964c9d7c9aa63ecaa5a,GG19 (Nov 2023),435.80722
Defi Biolabs is developing carbon removal biotechnology.,0x632Fd6D5E53A8661e751a964c9d7c9aa63Ecaa5A,GR15 (Sep 2022),1235.10203
Ogallala Life,0x63757e9c621AE7963F2DB2C7F02A1CDD89d6375D,GR13 (Mar 2022),88.3216955
Ogallala Life,0x63757e9c621AE7963F2DB2C7F02A1CDD89d6375D,GR14 (Jun 2022),71.8122672
Ogallala Life,0x63757e9c621AE7963F2DB2C7F02A1CDD89d6375D,GR15 (Sep 2022),1273.9125
Rainforest Monitoring Lab by GainForest & LabDAO: Radical transparency for nature-based solutions with DeSci & Web3,0x64BC15E0A5A12dDbe321EEDD832d057775D11F56,GR15 (Sep 2022),3197.97089
AgroforestDAO,0x64f444039fa1965bd2456bee13bdebc5a0765a12,GG18 (Aug 2023),4083.00518
AgroforestDAO,0x64f444039fa1965bd2456bee13bdebc5a0765a12,GG19 (Nov 2023),2483.11876
Cosmos for Humanity | C4H,0x65ad2bf7e09af2597c140df6386a3003d0f5f8ee,GG18 (Aug 2023),3002.47831
Cosmos for Humanity | C4H,0x65ad2bf7e09af2597c140df6386a3003d0f5f8ee,GG19 (Nov 2023),876.775997
Cosmos for Humanity | C4H,0x65ad2BF7E09af2597C140dF6386a3003d0F5f8Ee,Beta (May 2023),1079.65225
Cosmos for Humanity - C4H,0x65ad2BF7E09af2597C140dF6386a3003d0F5f8Ee,GR15 (Sep 2022),186.121164
CyberBox ReFi NFT Marketplace,0x65ed9a7cd4890e23ac5bc8d51498ae955af00724,Alpha (Jan 2023),2889.17
CyberBox ReFi NFT Marketplace,0x65eD9a7CD4890E23Ac5bc8D51498ae955aF00724,GR15 (Sep 2022),3845.23464
Etherisc - Affordable Crop Insurance through Carbon Farming,0x66cc6b159ef53e136784db62c30c7e200ef7e1d6,GG18 (Aug 2023),757.407033
RegenBuild,0x6713378883c633b26ba59a43d025a303541e1c95,GG18 (Aug 2023),2109.59198
RegenBuild üè°,0x6713378883c633b26ba59a43d025a303541e1c95,GG19 (Nov 2023),1791.6996
"Moonjelly - High Quality Data to Protect Whales, Restore the Ocean, and Fight Climate Change",0x681044A9b8c0Ec3699e763943ccDA3B163dF18d1,GR13 (Mar 2022),16039.0525
"Moonjelly - High Quality Data to Protect Whales, Restore the Ocean, and Fight Climate Change",0x681044A9b8c0Ec3699e763943ccDA3B163dF18d1,GR14 (Jun 2022),62.3409896
"Moonjelly - High Quality Data to Protect Whales, Restore the Ocean, and Fight Climate Change",0x681044A9b8c0Ec3699e763943ccDA3B163dF18d1,GR15 (Sep 2022),511.026902
Return Protocol - Passive chain agnostic offsetting,0x683E9D1295308165f00E6EA4B593F41DF265E263,GR13 (Mar 2022),22256.1695
Crypto Whales NFT by Highly Artistic,0x6ad87d0b36d3449d7c844051d92115f087867d85,GG19 (Nov 2023),897.981315
ColtonArt - Regen Art & Fundraising,0x6B5918D8EF9094679F4b4e1Bf397a66eA411B118,GR15 (Sep 2022),1982.18904
Wild Friends (with Senda Verde Bolivia),0x6b9281a066bf64df7343c2cfdfa40334b4b2773b,GG19 (Nov 2023),812.351366
Regen Tribe,0x6c4388856dc1ab52d246dde9bb441f4cdaf759be,GG19 (Nov 2023),662.566346
ExoSmart: Pioneering Sustainable Agriculture,0x6c8ac916e3be062a563c2f706be0593d91e72d94,GG19 (Nov 2023),526.429004
Veganize your city,0x6C906B01Dda3b6cDb7680C4Ce60449640aA867F3,GR14 (Jun 2022),12.9006799
Afrocarb,0x6d0575e84de09eb2e16285a36aba577f8faa8235,GG18 (Aug 2023),361.051637
Clean Air Task Force,0x6dBE905B7660bA9B62c5aA360699f93759f9f15b,GR12 (Dec 2021),3443.43146
Clean Air Task Force,0x6dBE905B7660bA9B62c5aA360699f93759f9f15b,GR13 (Mar 2022),119.29515
Clean Air Task Force,0x6dBE905B7660bA9B62c5aA360699f93759f9f15b,GR14 (Jun 2022),4316.80843
Clean Air Task Force,0x6dBE905B7660bA9B62c5aA360699f93759f9f15b,GR15 (Sep 2022),320.745849
Project ‚ÄúEco-Giving Accountability‚Äù: Building Bridges Between Communities and Socially Conscious Donors,0x6e73f3166b2f737e967592f3d9d5a0bdebca0ed8,GG18 (Aug 2023),526.928344
Climate and Online Access Advocacy Training For Indigenous Group,0x6E73f3166B2F737E967592F3d9D5a0BdeBcA0ed8,GR13 (Mar 2022),8.63656286
Climate and Online Access Advocacy Training For Indigenous Group,0x6E73f3166B2F737E967592F3d9D5a0BdeBcA0ed8,GR14 (Jun 2022),1.25207006
Climate and Online Access Advocacy Training For Indigenous Group,0x6E73f3166B2F737E967592F3d9D5a0BdeBcA0ed8,GR15 (Sep 2022),16.1808284
Jerri.wtf,0x6efc035506350c79b726dc44b583d01b8b002990,GG18 (Aug 2023),766.860007
Jerri.wtf,0x6efc035506350c79b726dc44b583d01b8b002990,GG19 (Nov 2023),1267.46701
Healing Coral,0x7119C556dE71Cc53965E5Be318c9Dd4B49eC15E4,Beta (May 2023),1215.99875
EcoSynthesisX,0x7380a42137d16a0e7684578d8b3d32e1fbd021b5,GG19 (Nov 2023),1732.56632
disCarbon - reversing climate change with web3 & open source,0x74966dDAAE16B3506bc575276Af7E391e3b4d296,GR15 (Sep 2022),101.601443
Kangra Gardens: Journey Through Life,0x75cC37322D9eE1cE441a4e486217Dcc71A086Aa1,GR15 (Sep 2022),0.91895744
SproutUp: Turn Good Deeds into NFT Impact Certificates,0x763debb2dDFe4655fdA0871Aae8FDFb386C36b23,GR15 (Sep 2022),22.8113418
Climate Wiki by Branch Out,0x771713B1D34173951Ffc8199665cED3313b9061B,GR13 (Mar 2022),880.904419
Climate Wiki by Branch Out,0x771713B1D34173951Ffc8199665cED3313b9061B,GR14 (Jun 2022),12.3115884
Gigawatt,0x782478549cd455532b2f8c43b7e6b28302da27ed,GG18 (Aug 2023),1642.90886
dMeter,0x788bd114c3f625600b547d5a08ec38e0ee90a06e,Alpha (Jan 2023),1896.07
dMeter,0x788bd114C3f625600b547d5a08EC38E0ee90A06e,Beta (May 2023),4871.84403
Vanara - Art & Hemp Crafts,0x78C96850dFacEDe6C9235F50Da3FB688270F4509,GR13 (Mar 2022),1019.61896
Vanara - Art & Hemp Crafts,0x78C96850dFacEDe6C9235F50Da3FB688270F4509,GR14 (Jun 2022),58.1929353
Vanara - Art & Hemp Crafts,0x78C96850dFacEDe6C9235F50Da3FB688270F4509,GR15 (Sep 2022),268.245115
Bundle: Agriculture,0x78dc08c6f14e26b2c91edae9a6e03eed7ae5218b,Alpha (Jan 2023),10516.01
Kawagumba village: a Kenyan community farm project,0x79048924F9151d6F922DAC0Ed47bD25c2c7AbABA,Beta (May 2023),2207.4233
DexGrid Community Microgrids,0x7aA2daB71ADeF6e9172F836904fcD562E56da3b5,Beta (May 2023),202.804388
People's Land Bank service DAO,0x7AF28d13387ed464a3E0eF3B55437D741fCC9b11,GR15 (Sep 2022),22.778071
Earthbanc Protocol - merging digital MRV and carbon finance.,0x7B9bB0200327e2A5a02df03e27b1c89098dFFDd3,GR14 (Jun 2022),39.0467186
Earthbanc Protocol - merging digital MRV and carbon finance.,0x7B9bB0200327e2A5a02df03e27b1c89098dFFDd3,GR15 (Sep 2022),0.38690351
"Mi Costa De Oro, Autonomous and Regenerative Community Rooted in Action (Venezuela)",0x7ca809c9f505fb3f5a42383c4b07ffc27b8a19c8,GG18 (Aug 2023),1342.50214
"Mi Costa De Oro, Autonomous and Regenerative Community Rooted in Action (Venezuela)",0x7ca809c9f505fb3f5a42383c4b07ffc27b8a19c8,GG19 (Nov 2023),1074.34287
Commonplace Guild - Scaling web3 place-based decarbonization,0x7e35231B1b8c04Aa820d21A6281Bd8412BDCE576,GR13 (Mar 2022),41.9720083
Commonplace Guild - Scaling web3 place-based decarbonization,0x7e35231B1b8c04Aa820d21A6281Bd8412BDCE576,GR14 (Jun 2022),0.09485514
Jardin de Estrellas Eco Village,0x7EEF7112b9be3802D88936F96140172f045D3531,GR14 (Jun 2022),29.2304679
Spirals - Climate Impact Staking on Celo,0x7F4765A8c1F9f782fDC98FcDCcED1EB10a5C1220,GR14 (Jun 2022),4936.42818
Saving forests in Colombia with KOKO DAO,0x7f722b8b013ac7bd654b3b102acc7573a32db9bc,Alpha (Jan 2023),3771.14
KOKO DAO saving forests in Colombia,0x7f722b8b013ac7bd654b3b102acc7573a32db9bc,GG18 (Aug 2023),6747.75452
KOKO DAO saving forests in Colombia,0x7f722b8b013ac7bd654b3b102acc7573a32db9bc,GG19 (Nov 2023),3150.80673
KOKO DAO saving forests in Colombia,0x7f722b8b013Ac7Bd654B3B102Acc7573A32DB9bc,Beta (May 2023),9527.43802
Saving forests in Colombia with KOKO DAO,0x7f722b8b013Ac7Bd654B3B102Acc7573A32DB9bc,GR15 (Sep 2022),3805.88195
MRV 101,0x7fc1a3D5264a2B2563162EbAF17180ED2e5804BC,GR15 (Sep 2022),11239.1324
We Make Impact - Exponentially Reversing Climate Change,0x7fE8c28f258806E86DA3F599453f39f01749fbf5,GR15 (Sep 2022),128.111111
Climate Guardians Game,0x80B815c829150D5535e8DD97339a98e650030EbE,GR15 (Sep 2022),764.631263
Urbanika and the Climate Positive Bus,0x81bfca6d81a00b0bcca2ffa9f6ca23d6bf3e2bbb,GG19 (Nov 2023),1576.64134
Treejer Protocol,0x81c776d0d7f7d9d3699851993ecaa88a46187f11,Alpha (Jan 2023),8581.38
Treejer Protocol,0x81c776d0d7f7d9d3699851993ecaa88a46187f11,GG18 (Aug 2023),1867.08223
Treejer Protocol,0x81c776d0D7F7d9D3699851993EcAa88A46187F11,Beta (May 2023),3335.30399
Treejer: A Climate Action Protocol,0x81c776d0D7F7d9D3699851993EcAa88A46187F11,GR12 (Dec 2021),9366.82901
Treejer: A Climate Action Protocol,0x81c776d0D7F7d9D3699851993EcAa88A46187F11,GR13 (Mar 2022),28693.4987
Treejer: A Climate Action Protocol,0x81c776d0D7F7d9D3699851993EcAa88A46187F11,GR14 (Jun 2022),8126.80875
Treejer: A Climate Action Protocol,0x81c776d0D7F7d9D3699851993EcAa88A46187F11,GR15 (Sep 2022),9008.02128
impactdao.game,0x82c4d6f212F30701234aDbFfbB5ed8D65B06910C,GR13 (Mar 2022),3805.87347
impactdao.game,0x82c4d6f212F30701234aDbFfbB5ed8D65B06910C,GR14 (Jun 2022),75000
impactdao.game,0x82c4d6f212F30701234aDbFfbB5ed8D65B06910C,GR15 (Sep 2022),120.993762
Future Diaries,0x82d2173645fd452134807ceea12e4cc687f59009,GR13 (Mar 2022),14.0256494
Future Diaries,0x82d2173645fd452134807ceea12e4cc687f59009,GR14 (Jun 2022),29.8381001
Future Diaries,0x82d2173645fd452134807ceea12e4cc687f59009,GR15 (Sep 2022),6.95611665
Ranna: Filmmakers for Climate,0x82d4f37d3a5ebf9b7d89e9d83e1fc59dad3e97af,GG18 (Aug 2023),373.012746
Ranna: Filmmakers for Climate,0x82D4f37d3a5ebF9B7D89e9D83E1Fc59DAD3E97aF,Beta (May 2023),409.607384
Ranna: Filmmakers for Climate,0x82D4f37d3a5ebF9B7D89e9D83E1Fc59DAD3E97aF,GR15 (Sep 2022),2.24015769
M3tering Protocol,0x82fcf75bf44120e40ebb71edac96f1bc7f601e6e,GG18 (Aug 2023),1885.25872
VinQ: Decentralized co-creation community for regenerative viticulture,0x834f240b6dedc7a0cf6ae908115b5f0054fc81a4,GG18 (Aug 2023),178.04766
VinQ: Decentralized co-creation community for regenerative viticulture,0x834f240b6dedc7a0cf6ae908115b5f0054fc81a4,GG19 (Nov 2023),431.604094
Bye Bye Plastic,0x8359e86c3791E43D55F99E4B63491A8888057BA0,Beta (May 2023),325.77792
Nurture a young generation of passionate tree lovers to partake of tree planting activities across Uganda Arid and Semi-Arid counties,0x83C893Ca228acf93fB53f8321CeCd00Dfd95a44f,GR14 (Jun 2022),8.67285721
The Solar Foundation ‚òÄÔ∏è Decentralized clean energy is a public good,0x84178186a503ef41d30da4cdb2bc27aefa65ed0f,GG18 (Aug 2023),18901.2211
The Aquapurge Project,0x8438a32656e15afe8c715f62415ef1fba2f0eb99,GG19 (Nov 2023),1366.29537
FORK FOREST,0x84e420915147625c11c265fa61aec826347204d1,GG18 (Aug 2023),1244.38507
Fork Forest,0x84e420915147625c11c265fa61aec826347204d1,GG19 (Nov 2023),1160.33223
Open Source Manufacturing: An Affordable Housing Solution That Is Also a Job Program,0x84fB9F36aDB570240AbF2009171E0E16cBfB0473,GR14 (Jun 2022),512.433177
Open Source Manufacturing: An Affordable Housing Solution That Is Also a Job Program,0x84fB9F36aDB570240AbF2009171E0E16cBfB0473,GR15 (Sep 2022),293.847047
Shamba Ecological Oracle and DMRV Network,0x86579ebce57605929da73d8ce17f40960c3b052a,Alpha (Jan 2023),7857.95
Shamba Network dMRV,0x86579ebce57605929da73d8ce17f40960c3b052a,GG18 (Aug 2023),2568.59081
Shamba Network,0x86579ebce57605929da73d8ce17f40960c3b052a,GG19 (Nov 2023),2107.94237
Shamba DMRV and Ecological Data Oracle.,0x86579EBcE57605929Da73d8cE17f40960c3b052a,Beta (May 2023),9300.40302
Shamba Ecological Oracle and DMRV Network,0x86579EBcE57605929Da73d8cE17f40960c3b052a,GR13 (Mar 2022),69750
Shamba Ecological Oracle and DMRV Network,0x86579EBcE57605929Da73d8cE17f40960c3b052a,GR14 (Jun 2022),263.052418
Shamba Ecological Oracle and DMRV Network,0x86579EBcE57605929Da73d8cE17f40960c3b052a,GR15 (Sep 2022),4984.1562
WeSeed,0x86E35e46459aa6CAA97193A2E9a929E9fAC0cbe4,GR15 (Sep 2022),208.006349
ECORISE,0x88430847aB509183A5a3aF9b633e9D74554442f7,Beta (May 2023),480.646372
DrinkUP,0x898D627dB095fEd54C82f38a3036E200e2E43aF1,Beta (May 2023),102.136541
"Changeblock - Together, Anything Is Possible",0x8aCBef4292BDc4de35Df0E740DAcFeb27e86Aa98,GR14 (Jun 2022),2.90258316
"Changeblock - Together, Anything Is Possible",0x8aCBef4292BDc4de35Df0E740DAcFeb27e86Aa98,GR15 (Sep 2022),0.52141073
Green Academy,0x8B24D06B1Aa7f1fbCc9575914b788541E14E1693,GR15 (Sep 2022),788.831686
Real-World SimCity for Climate -- the Planetary Insight Center (PIC),0x8BD39bdFe90DBFF3452bF1b9260b6489ce93aF05,GR13 (Mar 2022),9.0112136
Real-World SimCity for Climate -- the Planetary Insight Center (PIC),0x8BD39bdFe90DBFF3452bF1b9260b6489ce93aF05,GR14 (Jun 2022),0.01218495
Adopt a tree,0x8be1cf753db9a714063bc774fa39e5e2bc9b247d,GG19 (Nov 2023),1047.24718
Talk to Me About Water,0x8C550784B273eE93f94688645a79ABD9ed16ED25,GR15 (Sep 2022),36.5777951
Learn-to-Earn Regenerative Finance Education,0x8C6e8021de64150BF374640Eaf7732542D93aEb8,GR15 (Sep 2022),884.802144
AI For Trees,0x8cf3c63be0bc3d1478496b6449316babd225f78a,GG18 (Aug 2023),266.441958
ReFiDAO X Commons Stack: ReFi Commons Prize,0x8d860d4f254ed45946f5fb0e3243c1db63a4ea2f,Alpha (Jan 2023),33333.33
Transformation Center in Berlin for a regenerative society,0x8dC054f39FBAed15C2D521a8e228AC96F3EfcB6A,GR12 (Dec 2021),57.5146178
Transformation Center in Berlin for a regenerative society,0x8dC054f39FBAed15C2D521a8e228AC96F3EfcB6A,GR13 (Mar 2022),32.8972898
Transformation Center in Berlin for a regenerative society,0x8dC054f39FBAed15C2D521a8e228AC96F3EfcB6A,GR14 (Jun 2022),0.28384412
Future Foundation - come support the future of web3 x social impact,0x8e896e207933875b29d81b3f8f17D07d768aAC78,GR13 (Mar 2022),98.860186
doughn8.io,0x8eF08e75034EFE5f39E2d138e8f2dEA81D44016C,GR15 (Sep 2022),7.72226549
Green Planet Conservation Initiative,0x8efe51753defd7a1a82458731fbc05fa04cb2d1e,GG19 (Nov 2023),920.524445
W3ST: SOLARPUNK META-NATION,0x8f03cE5F78276A1B714491B824e8F53Db36D8ec2,GR15 (Sep 2022),271.042416
ABASTA: a consumer co-op as a DAO for Sustainable Consumption and Circular Economy,0x8F08c4f8Cf39A4A448342a23839a601A571cF8C2,GR14 (Jun 2022),54.2617549
Agrii DAO,0x8fdbef8a79e68c1edad3d5105189481bf63f7cb1,Beta (May 2023),320.664092
Edge Prize‚Äìsupport a bioregional DAO on Hylo,0x8FEA8562c5513Fe925AeD02C8539839Ba94f8939,GR13 (Mar 2022),458.376765
Edge Prize‚Äìsupport a bioregional DAO on Hylo,0x8FEA8562c5513Fe925AeD02C8539839Ba94f8939,GR14 (Jun 2022),5.25531745
Edge Prize‚Äìsupport a bioregional DAO on Hylo,0x8FEA8562c5513Fe925AeD02C8539839Ba94f8939,GR15 (Sep 2022),45.8899981
$Earth - Solarpunk Dao,0x9042c2b39396fd006e14b691bae320efbfbbcbd0,GG18 (Aug 2023),19103.081
$Earth - Solarpunk Dao,0x9042c2b39396fd006e14b691bae320efbfbbcbd0,GG19 (Nov 2023),4028.42135
EcoVision - Honduras,0x9063d5219132560d5948bdc750ec249d989ec990,GG18 (Aug 2023),260.746192
ecodao,0x9137921D0DD6a70510397a2679d743739DA917ae,GR12 (Dec 2021),1886.92355
ecodao,0x9137921D0DD6a70510397a2679d743739DA917ae,GR14 (Jun 2022),59.5462122
EverGreenCoin¬Æ,0x9273d9c4a5af6e47f6c82b86b73f84264631f993,GG19 (Nov 2023),1696.57518
Clime DAO,0x92Dc6FcB703D46E90D363290181379cEE79e192A,GR15 (Sep 2022),227.85145
KNS Domains,0x931884dFeAac21aC4b7809F032Ae850432A0D1c0,Beta (May 2023),1003.55962
KlimaDAO Name Service,0x93305AAa1eba6f174E3FaA2294f9d11bFd90096B,GR14 (Jun 2022),570.772707
KlimaDAO Name Service,0x93305AAa1eba6f174E3FaA2294f9d11bFd90096B,GR15 (Sep 2022),367.937941
Ekonavi,0x934ca93d9380f7d72b84304b1b00ac192488590d,GG18 (Aug 2023),2388.71451
Ekonavi,0x934ca93d9380f7d72b84304b1b00ac192488590d,GG19 (Nov 2023),2428.53803
Ekonavi,0x934cA93d9380f7d72b84304b1b00ac192488590d,Beta (May 2023),1823.15765
Intra-Action DAO: A Local Community Call to Disaster Prevention in the Face of Upcoming Wildfire Season in the Mediterranean,0x93F9B58bFc970DFfcda1a9799d2933b60f03e9Aa,GR13 (Mar 2022),14.5698266
Intra-Action DAO: A Local Community Call to Disaster Prevention in the Face of Upcoming Wildfire Season in the Mediterranean,0x93F9B58bFc970DFfcda1a9799d2933b60f03e9Aa,GR14 (Jun 2022),0.01218495
Foresta: ReFi Wallet Protocol DAO - NeoBank for the Neo Green Revolution!,0x942aD63D3344407AA37C6ed7781466486edFB2D2,GR14 (Jun 2022),892.749282
Foresta: ReFi Wallet Protocol DAO - NeoBank for the Neo Green Revolution!,0x942aD63D3344407AA37C6ed7781466486edFB2D2,GR15 (Sep 2022),5.55750173
Younergy Crypto,0x949Bba9F1C13F2461835366AEBcb53c852dd4308,Beta (May 2023),1611.61747
Go Green Drink Clean,0x9674a8849C2Fc14d75AdE29a1501474D12bb8397,GR14 (Jun 2022),1.80749342
REGEN LEAGUE: PAPARIKO - RESTORATION OF DEGRADED MANGROVE AREAS IN KENYA,0x96C40f954e8Fbdbc369Dc79A0883Ba816b103179,GR15 (Sep 2022),34.6994754
$REGEN Tokenomics Working Group,0x96ede46d5302e53de4ba9bd2dea1ba4546410ef7,GG19 (Nov 2023),1928.02663
The Carbon Games,0x97243f3d14e2b09d125b06ae13bd390e795341da,GG19 (Nov 2023),661.128697
Leaf Track,0x97688c5d7be601adfa9537a17320f614916b758a,GG18 (Aug 2023),210.713381
Kula ‡§ï‡•Å‡§≤ Regenerative Commons,0x979e71d1A57cdAACfe4169f19a303A76b440974D,Beta (May 2023),3047.90297
Ecologyhub Ebre,0x97Fb4845bf7bD7156B30ef09AE94419956FE3A90,GR15 (Sep 2022),0.25346831
Climate Sessions,0x98D163533060Cc6bb66eE53c8805026457326681,GR12 (Dec 2021),72.5437091
Climate Sessions,0x98D163533060Cc6bb66eE53c8805026457326681,GR13 (Mar 2022),82.3495832
Climate Sessions,0x98D163533060Cc6bb66eE53c8805026457326681,GR14 (Jun 2022),5.99557109
Oxygenchain,0x99241e58b4c5835fcd5963549a7a6d6852a57b5e,GG18 (Aug 2023),3548.10276
Oxygenchain,0x99241e58b4c5835fcd5963549a7a6d6852a57b5e,GG19 (Nov 2023),2190.39752
oxygenchain,0x99241E58B4c5835Fcd5963549A7a6D6852A57b5E,Beta (May 2023),687.108899
The Solar Foundation & GoodDollar: Solar + UBI to Empower Women in Uganda,0x99573d9494ca4bffe5984ffddb3ad3f92e091920,GG19 (Nov 2023),5485.48826
Solarpunk Art DAO,0x99a8CE58d2232B0aC2f5cC5C0D08c0B8c6727DCB,GR12 (Dec 2021),1912.34633
Solarpunk Art DAO,0x99a8CE58d2232B0aC2f5cC5C0D08c0B8c6727DCB,GR13 (Mar 2022),535.294547
Solarpunk Art DAO,0x99a8CE58d2232B0aC2f5cC5C0D08c0B8c6727DCB,GR14 (Jun 2022),6897.83097
Solarpunk Art DAO,0x99a8CE58d2232B0aC2f5cC5C0D08c0B8c6727DCB,GR15 (Sep 2022),683.525661
Season 2 of the ClimateTech Talks,0x99EA1E4F4a9F50fC757Eeb0050FC7E929fCFDA49,GR13 (Mar 2022),32.5967736
Season 2 of the ClimateTech Talks,0x99EA1E4F4a9F50fC757Eeb0050FC7E929fCFDA49,GR14 (Jun 2022),0.01218495
Pulso Verde,0x9b2eA31E9095F0E1cb4F66f2A9b7a01E78413f63,Beta (May 2023),107.041747
Banking on Nature,0x9b525172dE3787E80e0b939a6E332643B88d2958,GR15 (Sep 2022),82.1910068
Seigr Huset DAO,0x9b593062c156E8397c9b10D30913f96BBb1c2f11,GR13 (Mar 2022),22.4060051
Seigr Huset DAO,0x9b593062c156E8397c9b10D30913f96BBb1c2f11,GR14 (Jun 2022),1.02078465
Closer.earth - The Operating System for Regenerative Communities.,0x9B5f6dF2C7A331697Cf2616CA884594F6afDC07d,GR13 (Mar 2022),395.044047
Closer.earth - The Operating System for Regenerative Communities.,0x9B5f6dF2C7A331697Cf2616CA884594F6afDC07d,GR14 (Jun 2022),57.7773839
Closer.earth - The Operating System for Regenerative Communities.,0x9B5f6dF2C7A331697Cf2616CA884594F6afDC07d,GR15 (Sep 2022),14.2305539
Impact Verification Infrastructure Bundle,0x9c12f7b42cc232a7c0f0a94f99bdab4af58c54c5,GG18 (Aug 2023),3054.91933
ReSci Network,0x9d120bee68ed792884d340f911d8434306b28605,Alpha (Jan 2023),3732.67
ReSci Network: Scientific Collaboration for Ecosystem Regeneration,0x9D120Bee68ed792884D340f911D8434306b28605,GR15 (Sep 2022),6361.59767
Wasset,0x9f5d4083f595e55e66ad86ac2b614e65f57dd887,GG18 (Aug 2023),287.546272
wasset,0x9f5d4083f595e55e66ad86ac2b614e65f57dd887,GG19 (Nov 2023),823.523095
ImpactNFTs : an on-chain resource for validating Impact.,0x9F67E932b35658657A81C1511a0f5221Ae59098f,GR15 (Sep 2022),1686.03798
7Energy - Energy Communities without Banks,0x9fC13b4E1C4206970a1C4520d2f77336CD5D0e0a,Beta (May 2023),219.44013
7Energy - Energy Communities without Banks,0x9fC13b4E1C4206970a1C4520d2f77336CD5D0e0a,GR14 (Jun 2022),0.27233817
7Energy - Energy Communities without Banks,0x9fC13b4E1C4206970a1C4520d2f77336CD5D0e0a,GR15 (Sep 2022),2.27453538
Internet of Animals: An Open-Source Tracking Community,0x9Fcc55e782c2E43DFADCC428C4F2f8f32E095782,GR15 (Sep 2022),595.263425
Carbonland Trust Perpetual Forest Conservation Protocol & Carbonland DAO Nature Preserve Timeshare,0xa129C859deD70b3C28bd1A8266e7ad28060AcF4f,GR12 (Dec 2021),2361.00415
Carbonland Trust Perpetual Forest Conservation Protocol & Carbonland DAO Nature Preserve Timeshare,0xa129C859deD70b3C28bd1A8266e7ad28060AcF4f,GR13 (Mar 2022),24.2481483
Carbonland Trust Perpetual Forest Conservation Protocol & Carbonland DAO Nature Preserve Timeshare,0xa129C859deD70b3C28bd1A8266e7ad28060AcF4f,GR14 (Jun 2022),1.0420326
Carbonland Trust Perpetual Forest Conservation Protocol & Carbonland DAO Nature Preserve Timeshare,0xa129C859deD70b3C28bd1A8266e7ad28060AcF4f,GR15 (Sep 2022),9.70150417
"Nangu, growing a forest to call home",0xa3deAD7701970b38B9C55e695988Ab35b492679B,GR14 (Jun 2022),0.44118112
Silvi,0xa7ca400d49bba87eb606ee05af93689bd21fab99,Alpha (Jan 2023),1737.85
Silvi,0xa7ca400d49bba87eb606ee05af93689bd21fab99,GG18 (Aug 2023),13357.4916
Silvi,0xa7ca400d49bba87eb606ee05af93689bd21fab99,GG19 (Nov 2023),2926.0044
Silvi,0xa7CA400d49BBa87EB606ee05af93689BD21FaB99,Beta (May 2023),14307.8118
Silvi - Tree Stewardship Protocol üå≥üå≥üå≥üëç,0xa7CA400d49BBa87EB606ee05af93689BD21FaB99,GR13 (Mar 2022),885.658264
Silvi - Tree Stewardship Protocol üå≥üå≥üå≥üëç,0xa7CA400d49BBa87EB606ee05af93689BD21FaB99,GR14 (Jun 2022),124.664615
Silvi - Tree Stewardship Protocol üå≥üå≥üå≥üëç,0xa7CA400d49BBa87EB606ee05af93689BD21FaB99,GR15 (Sep 2022),5510.98059
libpwrm,0xA9dAd55fd684F252D5fdb240e8f8Fc57F1ddfAe6,Beta (May 2023),44.9114269
"POCA, Proof of climate/community action",0xaa116167FCBaeF693AD975E14dabae3c6cF6ccC8,GR15 (Sep 2022),69.962002
Pozzle Planet - Impact-2-Earn Mobile App & Protocol,0xAc052bA295Ce556404526E9fFAafa0F177782148,GR13 (Mar 2022),258.828281
Pozzle Planet - Impact-2-Earn Mobile App & Protocol,0xAc052bA295Ce556404526E9fFAafa0F177782148,GR14 (Jun 2022),17.5754123
Pozzle Planet - Impact-2-Earn Mobile App & Protocol,0xAc052bA295Ce556404526E9fFAafa0F177782148,GR15 (Sep 2022),1109.45901
impactMarket: Financial education & microcredit to vulnerable communities.,0xac822e5677d2c4e676b6d255f80ac8010b290f56,GG19 (Nov 2023),1284.5291
Crowdmuse,0xAeC54E3A2f9a1745Ff724c5cD91c9beEd77A0651,Beta (May 2023),9592.40247
dMeter EBF Hypercert,0xb0110311eea8a58d91af61a45280aa502bfbf91a,GG19 (Nov 2023),1280.38588
Brazilian Cerrado Waters‚Äô Expedition,0xb0180d75d1D5EB2081E43f7905A2004266B4F263,GR13 (Mar 2022),17.6877576
Brazilian Cerrado Waters‚Äô Expedition,0xb0180d75d1D5EB2081E43f7905A2004266B4F263,GR14 (Jun 2022),0.01218495
Dottyland Impact Self - Individual on/off-chain impact as on-chain reputation and identity,0xB04821C9E7e6A2Bd65C6339C8c20eB1438b5c23B,GR15 (Sep 2022),1939.40131
"Bundle #3: Verification Infrastructure (Impact Certs, Measurement, Reporting & Verification (MRV) and Oracles)",0xb0b0c51d98d3c49f7a5e61735db4f084d62954a1,Alpha (Jan 2023),7118.54
Impact Verification Infrastructure Bundle,0xb0b0c51D98d3c49f7a5E61735db4f084d62954A1,Beta (May 2023),7090.48178
crowdmuse - automating collaboration for regenerative projects,0xb38b6c236347603e0705f912B877D6308Ec10f13,GR13 (Mar 2022),880.047075
crowdmuse - automating collaboration for regenerative projects,0xb38b6c236347603e0705f912B877D6308Ec10f13,GR14 (Jun 2022),0.01218495
ReFi Colombia,0xb41c38818a18b736867d9640f0b191b7890da136,GG19 (Nov 2023),1662.11155
PROJECT FOR ECO ‚Äì RESTORATION AND WOMEN EMPOWERMENT THROUGH SUSTAINABLE AGRICULTURAL DEVELOPMENT,0xb57b4f94e48981d22034f52ee074e97d263abba3,GG19 (Nov 2023),533.966676
Sungura Mjanja Refi,0xb5c61e96d4EDf10DEe73958aE099a11605137Dad,Beta (May 2023),557.19286
Climate Emergency Centers,0xb882f5f3a54f7f6fec214309842d99ac8b3b58a9,GG18 (Aug 2023),188.789676
Climate Emergency Centers,0xb882f5f3a54f7f6fec214309842d99ac8b3b58a9,GG19 (Nov 2023),612.997418
Fightersgang,0xb88529B224692C249a81c2fFb68A146c8D9a77CC,Beta (May 2023),1151.0053
StarOne DAO - Fixing global warming with Space-Based Solar Power,0xB900f658FB8eddAfA6bC2b4edDF8ad627CCEAb3d,GR13 (Mar 2022),12.1926909
WarmOFF - CO‚ÇÇ removal project,0xbA74fc29832d56d78B4D973A8d605b6620A79B94,Beta (May 2023),9081.7551
Mangrove: The operating system for carbon removal,0xbFCd7f8cC80aBFC5e254456F9fcD57E07A0489e6,GR15 (Sep 2022),27.0055559
CO2CULT: Offset ETH's carbon footprint,0xC0445DBF7BAa9047a728ec7A691982F8b17f99BD,GR14 (Jun 2022),4455.21837
CO2CULT: Offset ETH's carbon footprint,0xC0445DBF7BAa9047a728ec7A691982F8b17f99BD,GR15 (Sep 2022),3754.40836
NFTs for Climate Justice,0xC05a516d0b741B1F11F31eBF96F3b69b278268A7,GR13 (Mar 2022),39.3789407
NFTs for Climate Justice,0xC05a516d0b741B1F11F31eBF96F3b69b278268A7,GR14 (Jun 2022),0.01218495
NFTs for Climate Justice,0xC05a516d0b741B1F11F31eBF96F3b69b278268A7,GR15 (Sep 2022),0.35162916
Proof of Renewable Energy Production (PREPchain),0xc15677aba8826e78266ff32d3b4bb4bcc8cd9b19,GG19 (Nov 2023),742.325896
Proof of Renewable Energy Production (PREPchain),0xc15677AbA8826e78266ff32d3b4bb4bcC8CD9b19,Beta (May 2023),264.331322
Zeru.Earth (previously Carbon Captors),0xC1e168983d9AeBF7748FEAed8C10AeC49d99b844,GR13 (Mar 2022),101.727939
Zeru.Earth (previously Carbon Captors),0xC1e168983d9AeBF7748FEAed8C10AeC49d99b844,GR14 (Jun 2022),11.1203876
Zeru.Earth (previously Carbon Captors),0xC1e168983d9AeBF7748FEAed8C10AeC49d99b844,GR15 (Sep 2022),255.628216
Millennials for Sustainability,0xC21EcC60423FdC03aecD62D63B5621F58DDb016e,GR13 (Mar 2022),0.66404877
Millennials for Sustainability,0xC21EcC60423FdC03aecD62D63B5621F58DDb016e,GR14 (Jun 2022),0.0903627
Blockchain Infrastructure Carbon Offset Working Group (BICOWG),0xc291aA03D4A0782a60D38701d0E9FADe5A938d01,GR12 (Dec 2021),10978.2895
üå≥ Blockchain Infra Carbon Offset Working Group (BICOWG) üå≥,0xc291aA03D4A0782a60D38701d0E9FADe5A938d01,GR13 (Mar 2022),627.473295
üå≥ Blockchain Infra Carbon Offset Working Group (BICOWG) üå≥,0xc291aA03D4A0782a60D38701d0E9FADe5A938d01,GR14 (Jun 2022),300.20518
üå≥ Blockchain Infra Carbon Offset Working Group (BICOWG) üå≥,0xc291aA03D4A0782a60D38701d0E9FADe5A938d01,GR15 (Sep 2022),815.250623
Earthist - Decentralize Hemp Seeds,0xc2d706398a978b8c5aa4efcd824b57e978841107,Alpha (Jan 2023),2955.42
Earthist - Decentralize the Seeds,0xc2d706398a978b8c5aa4efcd824b57e978841107,GG18 (Aug 2023),6410.26536
Rebuilding Turkiye,0xc2d706398A978b8c5Aa4EFCd824b57E978841107,Beta (May 2023),3372.83716
Sustainable Heating with Compute Power,0xc3afeb93ae73f160347bcae82097c1f8f3dac75c,GG18 (Aug 2023),283.469302
Sustainable Heating with Compute Power,0xc3afeb93ae73f160347bcae82097c1f8f3dac75c,GG19 (Nov 2023),527.547175
Heating with Compute Power,0xc3afeB93ae73f160347BCaE82097c1f8f3daC75c,Beta (May 2023),141.200302
Furoa ‚Äî Floor heating with compute power,0xc3afeB93ae73f160347BCaE82097c1f8f3daC75c,GR15 (Sep 2022),1.00313141
Extinction Rebellion NFT Project,0xc3C1B09070B3E5C70EF6E657c587e1Ea14d8723f,GR13 (Mar 2022),987.734881
Extinction Rebellion Tech Development,0xc3C1B09070B3E5C70EF6E657c587e1Ea14d8723f,GR14 (Jun 2022),360.134746
Extinction Rebellion Tech Development,0xc3C1B09070B3E5C70EF6E657c587e1Ea14d8723f,GR15 (Sep 2022),93.3051539
Portland Regenerative Technology Commons,0xc4008D79969697CBe75FB0E0bbfeE43847216822,GR15 (Sep 2022),188.842821
Socious - decentralized gig marketplace connecting Climate Tech companies with purpose-driven professionals,0xc4A877840a7cCAD2E6763f9b1722a415134f2b22,GR15 (Sep 2022),5.51423403
The Greenland Ark ‚Äì Blockchain x Climate Leadership Network ‚Äì Immersive Multi-Stakeholder Expedition at Ground Zero of the Climate Crisis,0xc4bdfab85F87dacd6dA0Cb62C69900695Df02bd2,GR15 (Sep 2022),1.08770547
The Solar Foundation,0xC4C895040289588725eD20c84A6F0F5013995A97,Beta (May 2023),5815.6439
Planet.Health: exploratory incubator for web3 and planetary health,0xc4F82274a6EA9d5296C2eB119e5cec14026301C5,GR15 (Sep 2022),0.1875187
ECORISE,0xc502c8897ec29d4bc772a7580375615d60da8eb1,GG19 (Nov 2023),1037.69281
Mycelia - Retornando √† M√£e Terra,0xc5ed1860d7cf288236b2c7cd246bf4477fb39e19,GG19 (Nov 2023),1543.81503
Oceans DAO,0xC60506Bbbb4d77D2EA5ec8f55a7523548D9a60a7,Beta (May 2023),1461.27509
Help regr√≤ farmers protecting and augmenting our forests,0xC675486888761B33E7115Cc04B5e40B42A96799A,GR15 (Sep 2022),1496.57878
ECOHUELLAS,0xc705bFefc772b2b0b1cf1652CA3B71e2c933F5C5,Beta (May 2023),136.352418
GainForest: A Planetary Computer for ReFi powered by DeSci and AI,0xc741a5124549F38a72e3a56C7d5e68E481B75441,Beta (May 2023),25649.378
"Future Quest: A web3 ecosystem committed to fixing our future. Part game, part launch pad for public good Quests for our planet.",0xC769853643f8506008Ace8Db75b9afe83884d50D,GR15 (Sep 2022),1185.05625
CCC: photojournalism expeditions on the field to document Climate Change,0xC9683E50D2edC15c72b7a7bB8666f7c5C466fE19,Beta (May 2023),120.019161
Fund climate artists to spread awareness about the Climate Emergency!,0xC9683E50D2edC15c72b7a7bB8666f7c5C466fE19,GR15 (Sep 2022),21.9648995
RMTerra,0xca66dd641408f5e41a6ab6c7c8fcb243ff039a5c,GG18 (Aug 2023),185.372216
City Farmers,0xcaaff3b2d946d944016464123547ef38824ca330,GG19 (Nov 2023),654.71918
Drylands Agroecology Research (DAR),0xcb00ca453d0da9b8ea35f4648fef1142881407e2,GG19 (Nov 2023),679.079338
TaterDAO,0xcbbd18d3ac27ab0fffd04bccd091b2802c92e0ca,Alpha (Jan 2023),3508.16
TaterDAO brings accurate real estate data on-chain,0xCbbd18d3aC27ab0FFfD04BCCd091B2802c92e0ca,GR15 (Sep 2022),2518.72564
Beyond Fossil Fuels - Supporting Indigenous legal efforts to STOP fossil fuel infrastructure,0xcbf3c13e05aa9c18ab8ecbb3302edad21c23c688,GG18 (Aug 2023),545.304685
Beyond Fossil Fuels - Supporting Indigenous legal efforts to STOP fossil fuel infrastructure,0xcbf3c13e05aa9c18ab8ecbb3302edad21c23c688,GG19 (Nov 2023),659.371571
Indigenous Legal Fund for Climate Action - Beyond Fossil Fuels,0xcbF3c13e05Aa9C18Ab8ecbb3302EDad21C23c688,GR12 (Dec 2021),1326.97511
Indigenous Legal Fund for Climate Action - Beyond Fossil Fuels,0xcbF3c13e05Aa9C18Ab8ecbb3302EDad21C23c688,GR13 (Mar 2022),526.831642
Indigenous Legal Fund for Climate Action - Beyond Fossil Fuels,0xcbF3c13e05Aa9C18Ab8ecbb3302EDad21C23c688,GR14 (Jun 2022),91.8562444
Indigenous Legal Fund for Climate Action - Beyond Fossil Fuels,0xcbF3c13e05Aa9C18Ab8ecbb3302EDad21C23c688,GR15 (Sep 2022),83.3566625
üáøüá¶ Biochar and Hemp in South Africa üáøüá¶,0xcc17a95b3f5861bc2cfd28ca81d611077ef36ed1,GG19 (Nov 2023),1005.59531
D-MRV for Africa,0xcC17a95B3f5861BC2cfD28ca81d611077ef36ED1,Beta (May 2023),222.664441
Ikhala Impact Platform - Including the Excluded in Africa,0xcC17a95B3f5861BC2cfD28ca81d611077ef36ED1,GR13 (Mar 2022),30.8626052
Ikhala Impact Platform - Including the Excluded in Africa,0xcC17a95B3f5861BC2cfD28ca81d611077ef36ED1,GR14 (Jun 2022),0.03825694
Carbon Wallet - Easy Investing In Climate Assets,0xCC92b03C9A0CE36bc81eD52197bcD0b359E007E5,GR13 (Mar 2022),1048.54241
Carbon Wallet - Easy Investing In Climate Assets,0xCC92b03C9A0CE36bc81eD52197bcD0b359E007E5,GR14 (Jun 2022),133.625815
Regeneratie Co√∂peratie,0xCc9cD175c0f053b8f97Cf479280afd0b30e1Df30,Beta (May 2023),15.7637423
Green Digital Guardians,0xccdac13229a1ed448d1af56271ea53bfd1f2e3f9,GG19 (Nov 2023),1564.6809
Endangered Tokens: Endangered Trees as ReFi Biodiversity Assets,0xCe849efC35A0a0a046E67c76B477c5432E4BA58b,Beta (May 2023),7026.55206
Endangered Tokens: Endangered Trees as ReFi Biodiversity assets to incentivize its protection,0xCe849efC35A0a0a046E67c76B477c5432E4BA58b,GR13 (Mar 2022),415.086862
Endangered Tokens: Endangered Trees as ReFi Biodiversity assets to incentivize its protection,0xCe849efC35A0a0a046E67c76B477c5432E4BA58b,GR14 (Jun 2022),8.72254362
Endangered Tokens: Endangered Trees as ReFi Biodiversity assets to incentivize its protection,0xCe849efC35A0a0a046E67c76B477c5432E4BA58b,GR15 (Sep 2022),5391.60779
Garden Club - regreening the worlds food deserts with web3 and vertical farming,0xcfB115231600Af7CeeB1a4927d683DB2c1517196,GR14 (Jun 2022),1.69360905
Impact DAO Media - A Digital Magazine Highlighting Builders + Impact + Culture,0xcFcfd44D7260D57a658Bb08B1Bb9A6454F97e8CB,GR14 (Jun 2022),1998.41839
Impact DAO Media - A Digital Magazine Highlighting Builders + Impact + Culture,0xcFcfd44D7260D57a658Bb08B1Bb9A6454F97e8CB,GR15 (Sep 2022),2955.58871
Emerging.Eco,0xD0352D08AA93C9bc9C79d2B3a53846DCd7c9cb92,Beta (May 2023),403.992712
Block2030,0xd1b9b828a727A03c0947613c81eDE59e354E84B7,Beta (May 2023),12.3554483
.basin - perpetual place-based climate & nature finance,0xd2584c1cf7e3ff11957195732d380dc886f5f05b,Alpha (Jan 2023),3972.52
LOA Labs : ReFi by South,0xd2993e8217063c72bbe8c736404c7fc02adc9761,Alpha (Jan 2023),9901.52
LOA Labs : Refi Conversations for the Global South,0xd2993E8217063c72BBE8c736404c7fC02adC9761,GR13 (Mar 2022),4124.34073
LOA Labs : Refi Conversations for the Global South,0xd2993E8217063c72BBE8c736404c7fC02adC9761,GR14 (Jun 2022),25.0932458
LOA Labs : Refi Conversations for the Global South,0xd2993E8217063c72BBE8c736404c7fC02adC9761,GR15 (Sep 2022),2828.28298
ReFi DAO 2050: A Diverse Founder-Led Impact Community,0xD2b4E046B3AE52078275f44Ef81BC19b4ED2872F,GR12 (Dec 2021),8655.81215
ReFi DAO 2050: A Diverse Founder-Led Impact Community,0xD2b4E046B3AE52078275f44Ef81BC19b4ED2872F,GR13 (Mar 2022),19272.4249
ReFi DAO 2050: A Diverse Founder-Led Impact Community,0xD2b4E046B3AE52078275f44Ef81BC19b4ED2872F,GR14 (Jun 2022),75000
ReFi DAO 2050: A Diverse Founder-Led Impact Community,0xD2b4E046B3AE52078275f44Ef81BC19b4ED2872F,GR15 (Sep 2022),52500
Mirage Arts Community - Putting into action or collective crafting and landscaping skills,0xd356A5Eb40F42702520eEf026eb6cF226e2a40Af,Beta (May 2023),9.87444412
BETTER,0xd376f916ecbdd0f948096ade5ce9594560fcd5e4,GG18 (Aug 2023),601.313055
BETTER,0xd376f916ecbdd0f948096ade5ce9594560fcd5e4,GG19 (Nov 2023),1597.73684
Scale EverGreenCoin for a Global Stage,0xd3A32347E28441bcefdED64B8d592E2CAEBEED3a,GR15 (Sep 2022),4.42960055
Fundaci√≥n Tucultura,0xd3F0F07E1C4068B9e80FD641599324f5a768F10B,Beta (May 2023),72.8570075
Project: Themistoklis,0xd5bDc028aaEAb8D8fa1C5Bb577b6C4C3402559F6,GR14 (Jun 2022),9.84617216
Project: Themistoklis,0xd5bDc028aaEAb8D8fa1C5Bb577b6C4C3402559F6,GR15 (Sep 2022),0.54025044
Scaling Grassroots Commons for Local Regeneration in E. Africa and S. E. Asia,0xd68e5b216fc2af2854152eac501f9e00807d8c1d,Alpha (Jan 2023),1223.26
ReFi for Community Prosperity in East Africa & Asia,0xd68e5b216FC2AF2854152EAC501F9E00807d8C1d,GR15 (Sep 2022),4334.13552
$Earth - Solarpunk Dao,0xd6b97e042d03edbdc100eb55fbe43eb75f2e3036,Alpha (Jan 2023),7186.79
$Earth - Solarpunk Dao,0xd6b97e042d03EdBDc100Eb55fbE43Eb75f2e3036,Beta (May 2023),19465.9117
$Earth - Solarpunk Dao,0xd6b97e042d03EdBDc100Eb55fbE43Eb75f2e3036,GR14 (Jun 2022),79.0197812
$Earth - Solarpunk Dao,0xd6b97e042d03EdBDc100Eb55fbE43Eb75f2e3036,GR15 (Sep 2022),5148.31526
The JCR Club,0xd6c4632142362cc92ca67ba6477a1e2fb77f3b8d,GG19 (Nov 2023),982.572962
ReCommon,0xd704c5f9826191f3bd06cae867d0f20cafa8aeba,Alpha (Jan 2023),1305.85
ReCommon,0xd704c5f9826191f3bd06cae867d0f20cafa8aeba,GG18 (Aug 2023),3318.50342
ReCommon,0xd704c5f9826191f3bd06cae867d0f20cafa8aeba,GG19 (Nov 2023),1315.18896
Regenerative Community Land Trust x ReCommon,0xd704C5F9826191F3Bd06caE867d0f20CAfA8AeBA,GR14 (Jun 2022),216.498712
Commons Credit Working Group organized by ReCommon,0xd704C5F9826191F3Bd06caE867d0f20CAfA8AeBA,GR15 (Sep 2022),7245.65729
Regen Living Ecosystem - a collective impact initiative,0xD73eD2972F9c42c92A9b6ACb8D73db521D3bF0a6,GR14 (Jun 2022),3.32311809
Regen Living Ecosystem - a collective impact initiative,0xD73eD2972F9c42c92A9b6ACb8D73db521D3bF0a6,GR15 (Sep 2022),0.22877168
Fridays For Future Lebanon: Pan-Arab DeFi Solidarity,0xd91c2dd94f01617a434cdc2b4c0a8bf6895a1b38,GG18 (Aug 2023),174.880015
ValleyDAO - Democratizing Climate Synthetic Biology,0xD920E60b798A2F5a8332799d8a23075c9E77d5F8,GR15 (Sep 2022),2926.96771
Intentional DAO,0xd9def77285604ca341228ac38A51633031d5f666,GR15 (Sep 2022),64.7908454
REGEN LEAGUE: Protecting the Amazon Rainforest,0xd9F9B437f1AcD902F0373459af3fd76db5d07d29,GR15 (Sep 2022),81.1761897
Impact X Crypto Masterminds,0xDA47bdcC48f26FB4709f90316341D9104cB1fb89,GR13 (Mar 2022),91.8938613
Impact X Crypto Masterminds,0xDA47bdcC48f26FB4709f90316341D9104cB1fb89,GR14 (Jun 2022),0.53555521
Rescua.Earth,0xDbC3786e23c2b63c224298c1CBB82E373aAeC4FF,Beta (May 2023),94.4293611
Ogallala Life,0xdbf39338645ec8fc0b68781b9204f2521c3bdfc4,GG18 (Aug 2023),1675.83438
Helios - High Impact Solar in Emerging Markets,0xdc2a4bf46ef158f86274c02bd7f027f31da9ebc1,GG18 (Aug 2023),3300.15705
Helios - High Impact Solar in Emerging Markets,0xdc2a4bf46ef158f86274c02bd7f027f31da9ebc1,GG19 (Nov 2023),2603.57175
Saplings NFT,0xdcF4396511d02805D74D09F2cdd7de8C75b4df1D,GR15 (Sep 2022),76.3867951
Green Digital Guardians,0xDD8422dA958D7B9773B033717ECCCE0fBB26CE01,Beta (May 2023),718.158585
AgroforestDAO,0xdd866169dbcf639ed57f0020c5c9f4f4e1aab263,Alpha (Jan 2023),4321.45
AgroforestDAO,0xdD866169DBCf639ed57f0020c5C9F4F4E1AAB263,Beta (May 2023),9357.24493
AgroforestDAO,0xdD866169DBCf639ed57f0020c5C9F4F4E1AAB263,GR14 (Jun 2022),617.033564
AgroforestDAO,0xdD866169DBCf639ed57f0020c5C9F4F4E1AAB263,GR15 (Sep 2022),4295.61972
Expand the Digital Carbon Market to Paris Agreement carbon credits.,0xdDe104D6c45906399c61aaDCA2d460b68Ce27897,GR12 (Dec 2021),3304.71843
Expand the Digital Carbon Market to Paris Agreement carbon credits.,0xdDe104D6c45906399c61aaDCA2d460b68Ce27897,GR13 (Mar 2022),1741.53948
Expand the Digital Carbon Market to Paris Agreement carbon credits.,0xdDe104D6c45906399c61aaDCA2d460b68Ce27897,GR14 (Jun 2022),314.149803
Expand the Digital Carbon Market to Paris Agreement carbon credits.,0xdDe104D6c45906399c61aaDCA2d460b68Ce27897,GR15 (Sep 2022),166.125238
Vanara,0xde43fae84691991d16635f40e6bcd26fd41be887,GG18 (Aug 2023),182.214563
"OpenCampusDAO: Decentralized-CosmoLocal, Regenerative LivingLabs and Scientific Production Spaces",0xde6843c5cde24472da420c70e074c890d17b4e28,GG19 (Nov 2023),702.760606
"OpenCampus, Evolving into a DAO Based ReFi and DeSci Space",0xdE6843c5cdE24472dA420c70E074C890d17B4E28,GR15 (Sep 2022),2273.1158
Ecorise DAO - Decentralized Ecosystem Protection and Regeneration,0xe01B4C4d1Cb0d15e3f6cE0182e4d98F882058876,GR13 (Mar 2022),268.479122
Ecorise DAO - Decentralized Ecosystem Protection and Regeneration,0xe01B4C4d1Cb0d15e3f6cE0182e4d98F882058876,GR14 (Jun 2022),357.0599
Ecorise DAO - Decentralized Ecosystem Protection and Regeneration,0xe01B4C4d1Cb0d15e3f6cE0182e4d98F882058876,GR15 (Sep 2022),192.985435
Bundle: Carbon Markets,0xe07b0f3c2a669b656476e4d6a054f4922d539d3d,Alpha (Jan 2023),4874.18
Oblivion: A Utopian Fantasy Series,0xe0b30a6D8d8629D5E3dFAE800a08B0E95EF691FC,GR14 (Jun 2022),2.17842269
Circonomy | Turning Capital Goods to Public Goods - the Circular Economics DAO,0xe0c4006CDeEC29520294a3ba6acD4be9D96D069A,GR13 (Mar 2022),0.85618411
Circonomy | Turning Capital Goods to Public Goods - the Circular Economics DAO,0xe0c4006CDeEC29520294a3ba6acD4be9D96D069A,GR14 (Jun 2022),0.26331666
PLANETARY DAO - PLANETARY CITIZENSHIP (W3ID) (Global Government /Global Tax/Global Money/UBI),0xe0da208c5C29D1e89b16c018303B02A89709a1EF,GR13 (Mar 2022),21.9667914
PLANETARY DAO - PLANETARY CITIZENSHIP (W3ID) (Global Government /Global Tax/Global Money/UBI),0xe0da208c5C29D1e89b16c018303B02A89709a1EF,GR14 (Jun 2022),63.6160173
diosdao.xyz by Mycelia : Indigenous Public Goods for Global Coordination,0xE16d638ac6Ab5975Df419F2748EA494542Da5247,Beta (May 2023),249.780792
Raiz Vertical Farms,0xe18969200adA284BC1d864A3E7f6E51Dc004eAcB,GR14 (Jun 2022),1.42197047
Raiz Vertical Farms,0xe18969200adA284BC1d864A3E7f6E51Dc004eAcB,GR15 (Sep 2022),0.26706528
Connecting Charities to NFTs,0xE4676b9F786535597f1a3890F9362e7499f5dEe0,GR14 (Jun 2022),68.3676348
Connecting Charities to NFTs,0xE4676b9F786535597f1a3890F9362e7499f5dEe0,GR15 (Sep 2022),0.29427864
OpenOA-open source infrastructure for improved renewable energy deployment,0xE4BF7CEb097ED17723bd02fFa3D5f45E9C26bdbf,GR13 (Mar 2022),57.1936287
"AYOWECCA UGANDA: Training rural farmers & indigenous communities on regenerative agriculture and planting fruit trees in schools, health centers & churches",0xe559e959b891b14eb5a9dde45c61b1aeb0b6df4b,GG18 (Aug 2023),5063.22659
"AYOWECCA UGANDA: Training rural farmers & indigenous communities on regenerative agriculture and planting fruit trees in schools, health centers & churches",0xE559e959b891b14eB5A9DdE45C61b1aEb0b6DF4B,Beta (May 2023),4417.27325
"Planting fruit trees in Schools, Health centers and Churches across Tororo district in Uganda East Africa / Ecosystems Restoration in Uganda.",0xE559e959b891b14eB5A9DdE45C61b1aEb0b6DF4B,GR12 (Dec 2021),2431.12267
"AGROFROSTRY, CLIMATE CHANGE, ECOSYSTEMS AND FORESTS",0xE559e959b891b14eB5A9DdE45C61b1aEb0b6DF4B,GR13 (Mar 2022),5318.37927
"AGROFROSTRY, CLIMATE CHANGE, ECOSYSTEMS AND FORESTS",0xE559e959b891b14eB5A9DdE45C61b1aEb0b6DF4B,GR14 (Jun 2022),5395.31262
"AGROFROSTRY, CLIMATE CHANGE, ECOSYSTEMS AND FORESTS",0xE559e959b891b14eB5A9DdE45C61b1aEb0b6DF4B,GR15 (Sep 2022),706.895989
MesoReefDAO - Regenerating Reef Conservation with DeSci Web3 tools,0xE6FF2e03BB419E91D67bB537FcDa9AdE555deD88,Beta (May 2023),402.567088
SAVING ANCIENT FOREST STOPS CLIMATE CHANGE - A LOCAL ACTION WITH GLOBAL IMPACT THAT'S NEAR THE FINISH LINE!,0xe915EE741Ac2773a655059818cf3b71dEd04F337,GR14 (Jun 2022),319.962326
SAVING ANCIENT FOREST STOPS CLIMATE CHANGE - A LOCAL ACTION WITH GLOBAL IMPACT THAT'S NEAR THE FINISH LINE!,0xe915EE741Ac2773a655059818cf3b71dEd04F337,GR15 (Sep 2022),16.9722799
Ecofrontiers: Crypto Natural Capital Aggregator,0xe9b195302ae30d598616a099d4758eb5219c1249,GG19 (Nov 2023),1153.22386
Traditional Dream Factory,0xea418c935e829cf0975e869b17aecae6f971ca9f,GG18 (Aug 2023),961.275501
Traditional Dream Factory,0xea418c935e829cf0975e869b17aecae6f971ca9f,GG19 (Nov 2023),1805.70669
Restore Charities: Restore Earth ‚Äì Supporting climate change charities affected by the collapse of $UST.,0xEAcFD71e116B6BeaE34fd6B48deB42A9f63f7f57,GR14 (Jun 2022),2.33891172
Climate & Nature Hyperstructure | .basin,0xEAF9830bB7a38A3CEbcaCa3Ff9F626C424F3fB55,Beta (May 2023),3251.31257
LunarPunk_Labs,0xec0bac229c1ea758383fbd31229f3bc0add6a0b7,GG19 (Nov 2023),989.731254
Connecting Web3 & Community w/ IRL Climate Solution Development & Deployment,0xEC27E57371D205f9373C21EFbF5B0c96D13a3247,GR12 (Dec 2021),1.46870182
Connecting Web3 & Community w/ IRL Climate Solution Development & Deployment,0xEC27E57371D205f9373C21EFbF5B0c96D13a3247,GR13 (Mar 2022),1378.10012
Connecting Web3 & Community w/ IRL Climate Solution Development & Deployment,0xEC27E57371D205f9373C21EFbF5B0c96D13a3247,GR14 (Jun 2022),9.41878983
Open Source Window Mount Energy Recovery Ventilator - (material production),0xEc745738060d56fe95298b4eB0bFa41bbbabE467,GR14 (Jun 2022),11.0928015
Safi Protocol,0xed8cba14a9c5097e4bb1719bf787c5a13e79ebd7,GG18 (Aug 2023),1956.30591
Aether + Earth + Art,0xef1ADa5697985eC99455BD7Cb7285F017552B592,GR14 (Jun 2022),568.527404
NeptuneChain,0xEf5d92B78Ca8e3c18d0Eb272acd15f93525C8fED,GR13 (Mar 2022),63.8330035
NeptuneChain,0xEf5d92B78Ca8e3c18d0Eb272acd15f93525C8fED,GR14 (Jun 2022),5.4632229
NeptuneChain,0xEf5d92B78Ca8e3c18d0Eb272acd15f93525C8fED,GR15 (Sep 2022),55.1373836
Web3beach,0xefedaf9c07e6eb56bb8f82f30018e4461b1c5f4c,Alpha (Jan 2023),3161.95
Web3beach,0xefedaf9c07e6eb56bb8f82f30018e4461b1c5f4c,GG18 (Aug 2023),9703.56751
Web3beach,0xefedaf9c07e6eb56bb8f82f30018e4461b1c5f4c,GG19 (Nov 2023),2608.83315
Web3beach,0xEFEdaf9c07E6eB56BB8F82f30018e4461B1c5F4c,Beta (May 2023),14893.8592
Web3beach - Social and Environmental Impact Onboarding in LatAm,0xEFEdaf9c07E6eB56BB8F82f30018e4461B1c5F4c,GR15 (Sep 2022),3601.1775
BaseX - universal evaluation engine. Impact. Externalities. Cobenefits.,0xf0b0ad55defef767042203eb945ea77294a3974e,GG19 (Nov 2023),484.737193
Empathia,0xf263c33Faa2E900Ff036b3904082af96aF8AFbF7,Beta (May 2023),110.844451
"Nawonmesh - Regenerating Buxar (Bihar, India)",0xf2e8558645fa9a85bf2738219941a61da5a63241,GG18 (Aug 2023),1465.03107
"Nawonmesh - Regenerating Buxar (Bihar, India)",0xF2E8558645fa9A85BF2738219941a61dA5a63241,Beta (May 2023),314.024819
Circonomy: ‚ÄúCircularity-as-a-Service‚Äù | Get cryptoback for recycling,0xF2f1F58E6940531fFd4e42e3778E624306c30e95,GR15 (Sep 2022),2.32870116
WaterDAO,0xf427ebbeb0aee1b06c99333001009188b5086934,Alpha (Jan 2023),12498.4
ecoToken Pilot and Protocol Development,0xF427EbbEb0AeE1b06C99333001009188B5086934,GR13 (Mar 2022),63.7344114
ecoToken Methane Reduction Protocol Development,0xF427EbbEb0AeE1b06C99333001009188B5086934,GR14 (Jun 2022),13.867169
ecoToken Methane Reduction Protocol Development,0xF427EbbEb0AeE1b06C99333001009188B5086934,GR15 (Sep 2022),4021.3089
Endangered Tokens DAO: Endangered Trees as ReFi Biodiversity Assets & Public Registry,0xf61cfa1910f9ef29c70cf744f59cd50534d2b109,GG18 (Aug 2023),5490.18924
Endangered Tokens DAO: Endangered Trees as ReFi Biodiversity Assets & Public Registry,0xf61cfa1910f9ef29c70cf744f59cd50534d2b109,GG19 (Nov 2023),3205.15783
Bloom Network,0xf64bbc221f89cc882fba507908bbe4ae3ad2f470,Alpha (Jan 2023),8030.02
Bloom Network,0xF64bBc221f89cc882fBa507908bbE4Ae3Ad2F470,Beta (May 2023),3216.59669
Bloom Network,0xF64bBc221f89cc882fBa507908bbE4Ae3Ad2F470,GR12 (Dec 2021),11950.8625
Bloom Network,0xF64bBc221f89cc882fBa507908bbE4Ae3Ad2F470,GR13 (Mar 2022),1153.03645
Bloom Network,0xF64bBc221f89cc882fBa507908bbE4Ae3Ad2F470,GR14 (Jun 2022),2812.14386
Bloom Network,0xF64bBc221f89cc882fBa507908bbE4Ae3Ad2F470,GR15 (Sep 2022),8290.06353
NFP (Non-Fungible Plants),0xf75b89857cd1aed40f5b9cf39994775de25ad1f5,GG18 (Aug 2023),1232.82366
NFP (Non-Fungible Plants),0xf75b89857cd1aed40f5b9cf39994775de25ad1f5,GG19 (Nov 2023),1126.4177
Non-Fungible Plants,0xf75b89857cD1AED40F5B9Cf39994775de25aD1F5,Beta (May 2023),1483.78128
Grow Your Own Cloud - Developing Regenerative Data Storage,0xf75b89857cD1AED40F5B9Cf39994775de25aD1F5,GR14 (Jun 2022),0.65573073
Grow Your Own Cloud - Developing Regenerative Data Storage,0xf75b89857cD1AED40F5B9Cf39994775de25aD1F5,GR15 (Sep 2022),18.8850133
"Decentralized Monitoring, Reporting and Verification- dMeter",0xf7c163C94441673FD3B998910FFcc596d8E34DF8,GR15 (Sep 2022),2742.60648
ReeFi-DAO's digital twin of Australia's Great Barrier Reef,0xF8507cE3031fBe26664D00278f4a45bE19FF11Cb,GR13 (Mar 2022),1387.61863
ReeFi-DAO's digital twin of Australia's Great Barrier Reef,0xF8507cE3031fBe26664D00278f4a45bE19FF11Cb,GR14 (Jun 2022),79.7380042
ReeFi-DAO's digital twin of Australia's Great Barrier Reef,0xF8507cE3031fBe26664D00278f4a45bE19FF11Cb,GR15 (Sep 2022),815.780348
Traditional Dream Factory,0xf905c05a274b4775432b43D1b651e26039ec6354,GR14 (Jun 2022),19.2115218
Traditional Dream Factory,0xf905c05a274b4775432b43D1b651e26039ec6354,GR15 (Sep 2022),0.10982206
Mini Meadows,0xFA367C28738da5Fd1661EF3D419e895Fe8A0733C,Beta (May 2023),411.03708
Coral Connect,0xfad96031f28bcce112fbf71f207a9302d64d937e,GG19 (Nov 2023),1120.06808
Atlantis,0xfbca78474a09e2bf3543f4fc1037152ea2c6c32d,Alpha (Jan 2023),15332.9
Atlantis: Home to Changemakers,0xfbca78474a09e2bf3543f4fc1037152ea2c6c32d,GG18 (Aug 2023),23859.106
Atlantis,0xfbca78474a09e2bf3543f4fc1037152ea2c6c32d,GG19 (Nov 2023),4777.85562
Atlantis,0xfbCA78474A09E2BF3543f4Fc1037152ea2c6C32d,Beta (May 2023),22296.4531
"Atlantis, The Climate Network",0xfbCA78474A09E2BF3543f4Fc1037152ea2c6C32d,GR15 (Sep 2022),1677.50083
Cambiatus,0xFc27B375fAf1FBd3F3462044Cf810082F042a45B,Beta (May 2023),687.641385
Cambiatus: New organizations for the planet regeneration,0xFc27B375fAf1FBd3F3462044Cf810082F042a45B,GR15 (Sep 2022),3116.91251
"Treegens(üå±,üå≥)",0xfc9265a28f66cf4561d74a4e25d7bbd3f482b8e6,GG19 (Nov 2023),5099.5994
Treegens - The Most Transparent & Rewarding Tree Planting,0xfC9265A28f66CF4561D74A4E25D7Bbd3F482B8e6,Beta (May 2023),32625.1822
carbonlinked,0xfd9d5f198207c684edfffd2675f20f581771387f,GG18 (Aug 2023),1116.76992
Barichara Regeneration Fund ‚Äì Prototyping a Bioregional Regenerative Economy,0xfd9f8a0f4bdeac72f08af1c708023cc31dd2e3be,GG18 (Aug 2023),2541.20117
Barichara Regeneration Fund ‚Äì Prototyping a Bioregional Regenerative Economy,0xFd9F8A0f4bdEaC72F08AF1c708023cC31dD2E3BE,Beta (May 2023),8257.832
Barichara Regeneration Fund ‚Äì Prototyping a Bioregional Regenerative Economy,0xFd9F8A0f4bdEaC72F08AF1c708023cC31dD2E3BE,GR15 (Sep 2022),16303.3573
GainForest: A global conservation basic income enabled by AI and web3,0xff26ff91d74cb25874f48ee0a8b4a2e1ad611451,GG18 (Aug 2023),3941.43041
GainForest: A global conservation basic income enabled by AI and web3,0xff26ff91d74cb25874f48ee0a8b4a2e1ad611451,GG19 (Nov 2023),3151.69527
dMeter,0xffe4f14e859c0213d5ae0d85bf182438c5b453e2,GG18 (Aug 2023),2144.09633
Planetary CARE - Carbon & Biodiversity Credits to Build Food Ecosystems,0xFFF1BcdcBb3F6e13143ec95e0295719d33D97bF3,GR14 (Jun 2022),275.361602
Barichara Regeneration Fund ÔøΩÔøΩÔøΩ Prototyping a Bioregional Regenerative Economy,,Alpha (Jan 2023),14106.58